Product,"Products of agriculture, hunting and related services         ","Products of forestry, logging and related services         ",Fish and other fishing products; aquaculture products; support services to fishing     ,Coal and lignite             ,Extraction Of Crude Petroleum And Natural Gas ï¿½& Mining Of Metal Ores,Other mining and quarrying products           ,Mining support services             ,Preserved meat and meat products           ,"Processed and preserved fish, crustaceans, molluscs, fruit and vegetables       ",Vegetable and animal oils and fats          ,Dairy products              ,"Grain mill products, starches and starch products         ",Bakery and farinaceous products            ,Other food products             ,Prepared animal feeds             ,Alcoholic beverages & Tobacco products        ,Soft drinks              ,Textiles               ,Wearing apparel              ,Leather and related products            ,"Wood and of products of wood and cork, except furniture; articles of straw and plaiting materials",Paper and paper products            ,Printing and recording services            ,Coke and refined petroleum products           ,"Industrial gases, inorganics and fertilisers (all inorganic chemicals) - 20.11/13/15      ",Petrochemicals - 20.14/16/17/60             ,"Dyestuffs, agro-chemicals - 20.12/20            ","Paints, varnishes and similar coatings, printing ink and mastics       ","Soap and detergents, cleaning and polishing preparations, perfumes and toilet preparations     ",Other chemical products             ,Basic pharmaceutical products and pharmaceutical preparations          ,Rubber and plastic products            ,"Glass, refractory, clay, other porcelain and ceramic, stone and abrasive products - 23.1-4/7-9   ","Cement, lime, plaster and articles of concrete, cement and plaster ",Basic iron and steel            ,Other basic metals and casting           ,"Fabricated metal products, excl. machinery and equipment and weapons & ammunition - 25.1-3/25.5-9   ",Weapons and ammunition             ,"Computer, electronic and optical products           ",Electrical equipment              ,Machinery and equipment n.e.c.            ,"Motor vehicles, trailers and semi-trailers           ",Ships and boats             ,Air and spacecraft and related machinery          ,Other transport equipment - 30.2/4/9           ,Furniture               ,Other manufactured goods             ,Repair and maintenance of ships and boats         ,Repair and maintenance of aircraft and spacecraft         ,Rest of repair; Installation - 33.11-14/17/19/20          ,"Electricity, transmission and distribution",Gas; distribution of gaseous fuels through mains; steam and air conditioning supply    ,Natural water; water treatment and supply services         ,Sewerage services; sewage sludge            ,"Waste collection, treatment and disposal services; materials recovery services       ",Remediation services and other waste management services         ,Construction,Wholesale and retail trade and repair services of motor vehicles and motorcycles    ,"Wholesale trade services, except of motor vehicles and motorcycles       ","Retail trade services, except of motor vehicles and motorcycles       ",Rail transport services             ,"Land transport services and transport services via pipelines, excluding rail transport     ",Water transport services             ,Air transport services             ,Warehousing and support services for transportation          ,Postal and courier services            ,Accommodation services              ,Food and beverage serving services           ,Publishing services              ,"Motion Picture, Video & TV Programme Production, Sound Recording & Music Publishing Activities & Programming And Broadcasting Activities",Telecommunications services              ,"Computer programming, consultancy and related services          ",Information services              ,"Financial services, except insurance and pension funding         ","Insurance, reinsurance and pension funding services, except compulsory social security",Services auxiliary to financial services and insurance services        ,"Real estate services, excluding on a fee or contract basis and imputed rent   ",Owner-Occupiers' Housing Services,Real estate services on a fee or contract basis       ,Legal services              ,"Accounting, bookkeeping and auditing services; tax consulting services        ",Services of head offices; management consulting services         ,Architectural and engineering services; technical testing and analysis services       ,Scientific research and development services           ,Advertising and market research services           ,"Other professional, scientific and technical services          ",Veterinary services              ,Rental and leasing services            ,Employment services              ,"Travel agency, tour operator and other reservation services and related services     ",Security and investigation services            ,Services to buildings and landscape           ,"Office administrative, office support and other business support services       ",Public administration and defence services; compulsory social security services       ,Education services              ,Human health services             ,Residential Care  & Social Work Activities,"Creative, arts and entertainment services           ","Libraries, archives, museums and other cultural services         ",Gambling and betting services            ,Sports services and amusement and recreation services         ,Services furnished by membership organisations           ,Repair services of computers and personal and household goods       ,Other personal services             ,Services of households as employers of domestic personnel        ,"Waste collection, treatment and disposal services; materials recovery services non-market","Land transport services and transport services via pipelines, excluding rail transport non-market",Warehousing and support services for transportation non-market,"Motion Picture, Video & TV Programme Production, Sound Recording & Music Publishing Activities & Programming And Broadcasting Activities non-market",Public administration and defence services; compulsory social security services non-market,Education services non-market,Human health services non-market,Residential Care & Social Work Activities non-market,"Creative, arts and entertainment services non-market","Libraries, archives, museums and other cultural services non-market",Sports services and amusement and recreation services non-market,Financial Services NPISH,Real Estate services NPISH,Legal services NPISH,Scientific research and development services NPISH,Veterinary services NPISH,Services to buildings and landscape NPISH,Education services NPISH,Human health services NPISH,Residential Care & Social Work Activities NPISH,"Creative, arts and entertainment services NPISH","Libraries, archives, museums and other cultural services NPISH",Sports services and amusement and recreation services NPISH,Services furnished by membership organisations NPISH
"Products of agriculture, hunting and related services         ",0.094,0.01,0,0,0,0,0,0.202,0.087,0.097,0.328,0.127,0.02,0.038,0.116,0.007,0.015,0,0,0.004,0,0,0,0,0,0,0,0,0.006,0.002,0.002,0,0,0,0,0,0,0,0,0,0,0,0,0,0,0,0,0,0,0,0,0,0,0,0,0,0,0,0.002,0.001,0,0,0,0,0,0,0.009,0.006,0,0,0,0,0,0,0,0,0,0,0,0,0,0,0,0.001,0,0,0,0.001,0,0,0,0,0,0,0,0,0,0,0,0,0,0,0,0,0,0,0,0,0,0,0,0,0.001,0,0,0,0,0,0,0,0,0,0.001,0.001,0,0,0,0,0
"Products of forestry, logging and related services         ",0,0.264,0,0.004,0,0,0,0,0,0,0,0,0,0,0,0,0,0,0,0,0.03,0,0,0,0,0,0,0,0,0.001,0,0,0,0,0,0,0,0,0,0,0,0,0,0,0,0,0,0,0,0,0,0,0,0,0,0,0.001,0,0,0,0,0,0,0,0,0,0.001,0,0,0,0,0,0,0,0,0,0,0,0,0,0,0,0,0,0,0,0,0,0,0,0,0,0,0,0,0,0,0,0,0,0.004,0,0,0,0,0,0,0,0,0,0,0,0,0,0,0,0,0,0,0,0,0,0,0,0,0,0,0,0
Fish and other fishing products; aquaculture products; support services to fishing     ,0,0,0.02,0,0,0,0,0,0.048,0.001,0,0,0,0,0,0,0.002,0,0,0,0,0,0,0,0,0,0,0,0,0,0,0,0,0,0,0,0,0,0,0,0,0,0,0,0,0,0,0,0,0,0,0,0,0,0,0,0,0,0,0,0,0,0.003,0,0,0,0.002,0.001,0,0,0,0,0,0,0,0,0,0,0,0,0,0,0,0,0,0,0,0,0,0,0,0,0,0,0,0,0,0,0,0,0,0,0,0,0,0,0,0,0,0,0,0,0,0,0,0,0,0,0,0,0,0,0,0,0,0,0,0,0
Coal and lignite             ,0,0,0,0.033,0,0,0,0,0,0,0,0,0,0,0,0,0,0,0,0,0,0,0,0,0,0,0.001,0,0,0,0,0,0,0.001,0,0,0,0,0,0,0,0,0,0,0,0,0,0,0,0,0.005,0.002,0,0,0,0,0,0,0,0,0,0,0,0,0,0,0,0,0,0,0,0,0,0,0,0,0,0,0,0,0,0,0,0,0,0,0,0,0,0,0,0,0,0,0,0,0,0,0,0,0,0,0,0,0,0,0,0,0,0,0,0,0,0,0,0,0,0,0,0,0,0,0,0,0,0,0,0,0
Extraction Of Crude Petroleum And Natural Gas & Mining Of Metal Ores,0,0,0,0,0.026,0,0.007,0,0,0,0,0,0,0,0,0,0,0,0,0,0,0,0,0.003,0.001,0,0,0,0,0,0,0,0,0,0,0,0,0,0,0,0,0,0,0,0,0,0,0,0,0,0.066,0.118,0,0,0,0,0,0,0,0,0,0.001,0,0,0,0,0,0,0,0,0,0,0,0,0,0,0,0,0,0.001,0.001,0,0.001,0,0,0.001,0,0.001,0.001,0,0,0,0.001,0,0,0,0,0,0,0,0,0,0,0,0,0,0,0,0,0,0,0,0,0,0,0,0,0,0,0,0,0,0,0,0,0,0,0,0
Other mining and quarrying products           ,0,0,0,0,0,0.105,0,0,0,0.001,0,0,0,0.001,0,0,0,0,0,0,0,0.001,0,0,0.057,0.008,0,0.009,0,0.004,0.001,0,0.02,0.07,0,0.001,0,0.001,0.001,0,0,0,0,0,0,0,0.019,0,0,0.001,0,0,0,0.001,0,0,0.009,0,0.001,0,0.001,0.001,0,0,0.001,0,0,0.001,0,0,0,0,0,0,0,0,0,0,0,0,0,0,0,0,0,0,0,0,0,0.001,0,0,0,0,0,0,0,0,0,0.001,0,0,0,0,0,0,0,0,0,0,0,0,0,0,0,0,0,0,0,0,0,0,0,0,0,0,0,0,0
Mining support services             ,0,0,0,0.001,0.131,0,0.067,0,0,0,0,0,0,0,0,0,0,0,0,0,0,0,0,0,0,0,0,0,0,0,0,0,0,0,0,0,0,0,0,0,0,0,0,0,0,0,0,0,0,0,0,0,0,0,0,0,0,0,0,0,0,0.001,0,0,0,0,0,0,0,0,0,0,0,0,0,0,0,0,0,0,0,0,0.001,0.001,0,0,0,0,0,0,0,0,0,0,0,0,0,0,0,0,0,0,0,0,0,0,0,0,0,0,0,0,0,0,0,0,0,0,0,0,0,0,0,0,0,0,0,0,0
Preserved meat and meat products           ,0,0.001,0,0,0,0,0,0.223,0.001,0.016,0.001,0.002,0.018,0.02,0.035,0.001,0.001,0,0,0.051,0,0,0,0,0,0,0,0,0.003,0.001,0,0,0.001,0,0.004,0,0,0.001,0.002,0,0,0,0,0,0,0,0,0,0,0.001,0,0,0,0,0,0,0,0,0.001,0.002,0,0,0,0,0,0,0.01,0.007,0,0,0,0,0,0,0,0,0,0,0,0,0,0,0,0,0,0,0,0,0,0,0,0,0.002,0.001,0,0,0.001,0,0.001,0,0,0,0.001,0,0,0,0,0,0,0,0.001,0.002,0.003,0,0,0.007,0,0,0,0,0.001,0.001,0.001,0.001,0.001,0,0,0,0
"Processed and preserved fish, crustaceans, molluscs, fruit and vegetables       ",0.001,0,0,0,0,0,0.001,0.004,0.075,0.008,0.02,0.016,0.025,0.02,0.011,0.006,0.024,0,0,0,0,0,0,0,0.001,0,0,0,0.003,0.002,0,0,0.001,0,0.003,0,0,0,0,0,0,0,0,0,0,0,0,0,0,0,0,0,0,0,0,0,0,0,0.003,0.007,0.001,0.001,0.001,0.001,0.001,0.002,0.019,0.018,0,0.001,0.001,0,0.001,0.001,0,0,0,0,0,0,0,0,0,0.001,0.001,0.001,0.001,0,0.001,0.001,0.001,0.001,0.001,0,0.001,0,0.005,0,0.003,0.003,0.002,0,0.001,0.001,0,0,0,0.001,0,0,0.001,0.001,0.002,0,0,0,0,0,0,0,0.003,0.002,0.002,0.001,0.005,0.001,0.002,0.002,0.001
Vegetable and animal oils and fats          ,0,0,0,0,0,0,0,0.005,0.007,0.003,0,0.004,0.008,0,0.022,0,0,0,0,0,0,0,0,0,0,0.001,0,0.006,0,0,0,0,0,0,0,0,0,0,0,0,0,0,0,0,0,0,0,0,0,0,0,0,0,0,0,0,0,0,0,0.001,0,0,0,0,0,0.001,0.001,0.001,0,0,0,0,0,0,0,0,0,0,0,0,0,0,0,0,0,0,0,0,0,0,0,0,0,0,0,0,0.007,0,0,0,0,0,0,0,0,0,0,0,0,0,0,0,0.001,0,0,0,0,0,0,0,0,0,0,0,0.01,0,0,0,0
Dairy products              ,0,0,0,0,0,0,0.001,0.002,0.006,0.018,0.09,0.003,0.027,0.018,0.002,0,0.003,0,0,0,0,0,0,0,0,0,0,0,0.003,0,0,0,0,0,0.003,0,0,0,0,0,0,0,0,0,0,0,0,0,0,0,0,0,0,0,0,0,0,0,0.002,0.004,0.001,0,0,0,0,0.001,0.005,0.004,0,0,0,0,0,0,0,0.001,0,0,0,0,0,0,0,0,0,0,0,0,0.001,0,0.001,0,0,0,0.001,0,0.003,0,0.002,0.001,0.001,0,0,0,0,0,0,0,0,0,0,0,0,0,0,0,0,0,0,0,0.001,0.001,0.001,0.001,0.003,0,0.002,0,0.001
"Grain mill products, starches and starch products         ",0,0,0.002,0,0,0,0,0.019,0.009,0.016,0.003,0.076,0.068,0.007,0.148,0.025,0,0,0,0.002,0,0.005,0,0,0.001,0,0,0,0.001,0.001,0,0,0,0,0,0,0,0,0,0,0,0,0,0,0,0,0,0,0,0,0,0,0,0,0,0,0,0,0.001,0.001,0,0,0,0,0,0,0.002,0.002,0,0,0,0,0,0,0,0,0,0,0,0,0,0,0,0,0,0,0,0,0,0,0,0,0,0,0,0,0,0,0,0.001,0,0,0,0,0,0,0,0,0,0,0,0,0.001,0,0,0,0,0,0,0,0,0,0.001,0,0,0,0,0,0
Bakery and farinaceous products            ,0,0,0,0,0,0,0.001,0.001,0,0,0,0.001,0.006,0,0,0,0.001,0,0.001,0,0,0,0,0,0,0,0,0,0,0,0,0,0,0,0.004,0,0,0,0,0,0,0,0,0,0,0,0,0,0,0,0,0,0,0,0,0,0,0,0.005,0.008,0.001,0,0,0,0,0.001,0.012,0.01,0,0,0,0,0,0,0,0,0,0,0,0,0,0,0,0,0,0,0,0,0.001,0,0.001,0.001,0,0,0.001,0,0.005,0.001,0.003,0.001,0,0,0.002,0,0,0,0,0,0,0,0,0.001,0.002,0,0,0,0,0,0,0,0.001,0.002,0.001,0,0.004,0.001,0.001,0,0
Other food products             ,0.001,0,0.002,0,0.001,0,0.001,0.02,0.037,0.011,0.015,0.051,0.058,0.089,0.023,0.01,0.175,0,0,0.001,0,0,0.001,0,0.001,0,0,0,0.014,0.004,0.001,0,0.003,0.007,0.001,0.002,0,0,0,0,0,0,0,0,0,0,0,0,0,0,0,0,0,0,0.001,0,0.001,0.001,0.003,0.008,0.001,0.001,0.002,0.001,0,0.002,0.01,0.01,0,0.001,0.001,0,0.001,0,0,0,0,0,0,0,0,0.001,0.001,0.001,0.001,0.001,0.002,0,0.003,0.001,0.002,0.002,0,0,0.001,0,0.009,0.001,0.004,0.003,0.002,0.001,0.002,0.001,0,0,0,0,0.002,0,0.001,0.002,0.006,0,0,0,0,0,0,0,0.005,0.003,0.002,0.001,0.007,0.001,0.002,0.002,0.002
Prepared animal feeds             ,0.095,0,0.049,0,0,0,0,0.006,0,0.001,0,0,0,0,0.004,0,0,0,0,0,0,0,0,0,0,0,0,0,0,0,0,0,0,0,0,0,0,0,0,0,0,0,0,0,0,0,0,0,0,0,0,0,0,0,0,0,0,0,0,0,0,0,0,0,0,0,0,0,0,0,0,0,0,0,0,0,0,0,0,0,0,0,0,0,0,0,0,0.001,0,0,0,0,0,0,0,0,0.001,0.004,0,0,0.006,0,0,0,0,0,0,0,0.003,0,0,0,0,0,0,0,0,0,0,0,0,0.001,0,0,0.002,0.007,0.002,0.01,0
Alcoholic beverages & Tobacco products        ,0,0,0,0,0,0,0,0,0,0,0,0.001,0,0,0.001,0,0,0,0,0,0,0,0,0,0,0,0,0,0,0,0,0,0,0,0,0,0,0,0,0,0,0,0,0,0,0,0,0,0,0,0,0,0,0,0,0,0,0,0,0.001,0,0,0,0,0,0,0.052,0.037,0,0.001,0,0,0,0,0,0,0,0,0,0,0,0,0,0,0,0,0,0,0,0,0,0,0,0,0,0,0.001,0.001,0,0.001,0.001,0.004,0,0,0,0,0,0,0,0,0,0,0,0,0,0,0,0,0,0.001,0,0.001,0,0,0.001,0.001,0,0.002,0.004
Soft drinks              ,0.001,0,0,0,0,0,0,0,0,0,0,0,0,0,0,0,0.016,0,0,0,0,0,0,0,0,0,0,0,0,0,0,0,0,0,0,0,0,0,0,0,0,0,0,0,0,0,0,0,0,0,0,0,0,0,0,0,0,0,0,0,0.001,0,0,0,0.001,0.001,0.003,0.003,0,0.002,0,0,0,0,0,0,0,0,0,0,0,0,0,0,0,0.001,0,0,0.001,0,0,0,0,0,0,0,0.001,0.002,0.001,0.003,0.006,0.002,0,0,0,0,0,0.001,0.002,0,0,0,0.001,0,0,0,0,0,0,0,0,0.001,0.001,0,0.001,0.004,0.002,0.008,0.004
Textiles               ,0.003,0,0.007,0,0,0,0,0,0,0,0,0,0,0,0,0,0,0.037,0.105,0.013,0,0,0,0,0,0,0,0,0,0,0,0,0,0.001,0,0,0,0,0,0,0,0.004,0,0,0,0.017,0.005,0,0,0,0,0,0,0,0,0,0.001,0.002,0,0.002,0,0,0,0,0,0,0.001,0.001,0,0,0,0,0,0,0,0,0,0,0,0,0,0,0,0.001,0,0,0.001,0,0,0,0,0,0,0,0.001,0,0.001,0,0.001,0.001,0,0,0,0,0,0,0,0,0,0,0,0.001,0,0,0,0.002,0,0,0,0.001,0.001,0.001,0.001,0,0.001,0,0.001,0,0
Wearing apparel              ,0,0,0,0,0,0,0,0,0,0,0,0,0,0,0,0,0,0,0.006,0,0,0,0,0,0,0,0,0,0,0,0,0,0,0,0,0,0,0,0,0,0,0,0,0,0,0,0,0,0,0,0,0,0,0,0,0,0,0,0,0,0,0,0,0,0,0,0,0,0,0,0,0,0,0,0,0,0,0,0,0,0,0,0,0,0,0,0,0,0,0,0,0,0,0,0,0,0,0,0,0,0,0,0,0,0,0,0,0,0,0,0,0,0,0,0,0,0,0,0,0,0,0.001,0,0,0,0,0,0,0
Leather and related products            ,0,0,0,0,0,0,0,0,0,0,0,0,0,0,0,0,0,0,0,0,0,0,0,0,0,0,0,0,0,0,0,0,0,0,0,0,0,0,0,0,0,0,0,0,0,0,0,0,0,0,0,0,0,0,0,0,0,0,0,0,0,0,0,0,0,0,0,0,0,0,0,0,0,0,0,0,0,0,0,0,0,0,0,0,0,0,0,0,0,0,0,0,0,0.001,0,0,0,0,0,0,0,0,0,0,0,0,0,0,0,0,0,0,0,0,0,0,0,0,0,0,0.001,0,0,0,0,0,0,0,0
"Wood and of products of wood and cork, except furniture; articles of straw and plaiting materials",0.001,0,0,0.012,0,0.001,0,0.001,0,0,0.001,0,0,0,0,0,0.002,0,0,0,0.164,0.004,0,0,0,0.001,0,0.001,0,0,0,0,0,0.004,0,0,0.003,0.001,0.001,0.001,0.001,0.003,0.017,0.001,0,0.06,0.005,0.009,0,0.001,0,0,0,0,0,0,0.012,0.001,0,0,0,0,0,0,0,0,0.001,0.001,0,0.001,0,0,0,0,0,0,0,0,0,0,0,0,0,0.001,0,0,0,0,0,0,0,0,0,0,0.001,0,0.001,0,0,0.001,0,0,0,0,0,0,0,0,0,0,0.001,0,0,0,0,0,0,0,0,0,0,0,0.001,0,0.001,0,0.001,0,0
Paper and paper products            ,0.013,0.001,0.002,0.001,0,0,0,0.018,0.026,0.015,0.013,0.069,0.026,0.028,0.014,0.025,0.022,0.004,0.006,0.012,0.009,0.02,0.102,0.001,0.003,0.002,0.009,0,0.023,0.015,0.006,0.014,0.016,0.008,0.001,0.001,0.004,0.001,0.003,0.007,0.002,0.001,0.001,0.001,0,0.01,0.014,0.001,0.001,0.002,0.001,0,0.002,0.003,0.001,0.003,0.002,0.002,0.003,0.002,0,0.002,0,0,0,0.001,0.002,0.002,0.021,0.001,0,0.002,0.001,0,0.003,0.003,0.001,0,0,0.002,0.001,0.001,0.002,0.002,0.008,0.001,0.001,0.001,0.002,0,0.001,0.005,0,0.007,0.002,0,0.003,0,0.001,0.001,0,0,0.002,0,0,0.003,0,0,0,0.004,0.001,0.005,0.002,0,0.005,0.008,0,0.003,0,0.002,0.005,0.008,0.004,0.001,0.004,0,0.002,0,0.001
Printing and recording services            ,0,0.003,0,0.001,0,0,0,0,0,0.002,0,0,0,0,0,0.001,0,0.001,0,0.001,0,0.007,0.079,0,0,0.001,0,0.001,0,0,0.001,0.001,0.001,0,0,0.001,0,0,0,0.001,0.001,0,0.001,0.001,0,0,0.007,0,0,0,0,0,0,0,0,0,0,0.004,0.002,0.001,0,0,0,0,0.003,0,0,0.001,0.056,0.001,0.002,0.001,0.001,0.002,0.017,0.003,0.002,0,0,0.005,0,0.002,0,0.001,0.014,0.001,0,0,0.001,0.007,0.002,0.003,0,0.008,0,0,0.003,0,0.001,0,0.001,0.001,0.001,0,0,0.003,0,0.002,0.003,0.005,0.014,0.008,0.003,0.054,0.03,0.047,0,0.003,0,0,0.001,0.005,0.001,0.001,0.003,0,0.002,0,0.001
Coke and refined petroleum products           ,0.009,0.018,0.064,0.063,0.001,0.01,0.002,0.004,0.003,0.002,0.007,0.003,0.008,0.004,0.007,0.003,0.004,0.002,0.005,0.003,0.006,0.004,0.002,0.016,0.016,0.01,0.013,0.001,0.003,0.004,0.001,0,0.006,0.011,0.021,0.003,0.003,0.001,0.002,0.002,0.004,0.001,0.003,0.002,0,0.006,0.003,0.004,0.002,0.002,0.003,0.003,0.005,0.008,0.001,0.009,0.002,0.005,0.006,0.003,0.013,0.01,0.009,0.015,0,0.008,0.007,0.005,0,0.002,0.004,0.002,0.003,0.001,0.001,0,0,0,0.001,0.001,0.002,0.001,0.003,0.003,0.002,0.003,0.001,0.004,0.003,0.003,0.002,0.001,0,0.007,0.001,0,0.005,0.001,0.002,0.002,0.002,0.002,0.003,0.002,0,0.001,0,0.001,0.001,0.002,0.001,0.001,0,0,0.001,0.001,0,0,0,0.004,0.003,0.002,0.002,0,0.004,0.003,0.001,0.002,0.002
"Industrial gases, inorganics and fertilisers (all inorganic chemicals) - 20.11/13/15      ",0.006,0.001,0,0.001,0,0,0,0,0,0.001,0,0,0,0,0,0,0,0,0,0,0,0.002,0,0.003,0.015,0.063,0.011,0.016,0.001,0.001,0.001,0.002,0.001,0.001,0,0,0,0,0,0,0,0,0,0,0,0,0,0,0,0,0,0,0.003,0,0,0,0,0,0,0,0,0,0,0,0,0,0,0,0,0,0,0,0,0,0,0,0,0,0,0,0,0,0,0,0,0,0,0,0,0,0,0,0,0,0,0,0,0,0,0,0,0,0,0,0,0,0,0,0,0,0,0.001,0,0,0,0,0,0,0,0,0,0.001,0,0,0,0,0,0,0
Petrochemicals - 20.14/16/17/60             ,0,0.001,0,0.002,0,0,0,0,0,0,0,0,0,0,0,0,0.002,0.002,0,0.01,0.003,0.011,0,0.004,0.021,0.069,0.009,0.033,0.001,0.005,0.001,0.048,0.025,0.011,0.007,0,0.001,0.001,0.001,0.02,0.001,0.011,0.007,0.002,0,0.008,0.005,0.005,0.001,0.001,0,0,0.002,0.002,0,0.003,0,0.001,0.001,0,0,0,0,0,0,0,0.001,0.001,0,0,0,0,0,0,0,0,0,0,0,0,0,0,0,0.001,0,0,0,0,0,0,0,0,0,0,0,0,0,0,0,0,0,0,0,0,0,0.001,0,0,0,0,0,0,0,0,0,0,0,0,0,0.001,0,0.001,0,0,0,0,0,0,0
"Dyestuffs, agro-chemicals - 20.12/20            ",0.011,0.001,0,0,0,0,0,0,0,0,0,0,0,0,0,0,0,0.003,0,0,0,0,0,0,0.005,0.001,0.012,0,0,0.001,0,0,0,0.001,0,0,0,0,0,0,0,0,0,0,0,0,0,0,0,0,0,0,0,0,0,0,0,0,0,0,0,0,0,0,0,0,0,0,0,0,0,0,0,0,0,0,0,0,0,0,0,0,0,0,0,0,0,0,0,0,0,0,0,0,0,0.001,0,0,0,0,0,0,0,0,0,0,0,0,0,0,0,0,0,0,0,0,0,0,0,0,0,0,0,0.002,0,0,0,0,0
"Paints, varnishes and similar coatings, printing ink and mastics       ",0.001,0,0,0,0,0,0,0,0,0,0,0,0,0,0,0,0,0,0,0,0.007,0.012,0.019,0,0,0,0,0,0,0,0,0,0,0.001,0,0,0.007,0,0.001,0.003,0.003,0.005,0.009,0.001,0,0.003,0.003,0.013,0.001,0.002,0,0,0,0.001,0,0,0.003,0,0,0,0.001,0,0,0,0,0,0,0,0.009,0.001,0,0,0,0,0,0,0,0,0,0,0,0,0,0.001,0.003,0,0,0,0,0,0,0,0,0.001,0,0,0.002,0,0.001,0.001,0.001,0.001,0,0,0,0.001,0,0,0,0,0.001,0,0,0,0,0.002,0,0,0,0,0,0,0.001,0,0.003,0.001,0.001,0.002,0.001
"Soap and detergents, cleaning and polishing preparations, perfumes and toilet preparations     ",0.001,0.003,0,0,0,0,0,0.001,0.001,0.001,0.002,0,0.001,0.001,0,0,0,0,0,0,0,0,0,0,0.001,0,0.001,0,0.063,0,0.001,0,0,0,0,0,0,0,0,0,0,0,0,0,0,0,0,0,0,0,0,0,0,0.005,0.002,0.019,0,0.001,0.001,0.001,0.001,0,0,0.001,0,0.001,0.002,0.001,0,0.001,0,0,0,0,0,0,0,0,0,0,0,0,0,0.001,0.001,0,0.002,0,0.001,0,0.002,0.015,0,0.001,0.002,0,0.007,0,0.001,0.001,0.001,0,0,0.006,0,0.004,0,0,0,0.001,0.002,0.001,0.002,0,0.003,0.005,0,0,0,0.001,0.004,0.025,0.002,0,0.005,0.001,0,0.002,0.001
Other chemical products             ,0,0.001,0,0.002,0,0,0,0,0,0,0,0,0,0,0,0,0,0,0,0.001,0,0,0,0,0,0,0,0,0,0,0,0,0,0,0,0,0,0,0,0,0,0,0,0,0,0,0,0,0,0,0,0,0,0,0,0.003,0,0,0,0,0,0,0,0,0,0,0,0,0,0,0,0,0,0,0,0,0,0,0,0,0,0,0,0,0,0,0,0,0,0,0,0,0,0,0,0,0,0,0,0,0,0.001,0,0,0,0,0,0,0,0,0,0,0,0,0,0,0,0,0,0,0.001,0.001,0,0,0,0,0,0,0
Basic pharmaceutical products and pharmaceutical preparations          ,0,0,0,0,0,0,0,0,0,0,0,0,0,0,0.001,0,0,0,0,0,0,0,0,0,0,0,0,0,0.001,0,0.011,0,0,0,0,0,0,0,0,0,0,0,0,0,0,0,0,0,0,0,0,0,0,0,0,0,0,0,0,0,0,0,0,0,0,0,0,0,0,0,0,0,0,0,0,0,0,0,0,0,0,0,0,0,0,0,0,0,0,0,0,0,0,0.001,0,0,0,0,0,0,0,0.001,0,0,0,0,0,0,0,0,0,0,0,0,0,0,0,0,0,0,0.001,0,0,0,0,0,0,0,0
Rubber and plastic products            ,0.006,0.001,0.028,0.004,0,0.001,0,0.019,0.025,0.008,0.03,0.005,0.019,0.007,0.006,0,0.073,0,0,0.005,0.009,0,0.001,0,0.001,0.001,0.001,0.007,0.025,0.018,0,0.013,0,0.007,0,0.001,0.005,0.002,0.006,0.005,0.01,0.024,0.035,0.002,0.001,0.021,0.012,0.037,0.003,0.009,0,0,0.002,0.003,0,0.003,0.019,0.007,0.005,0.001,0.003,0.01,0.001,0,0.002,0.002,0.001,0.001,0,0.001,0.018,0.002,0.001,0,0,0.001,0,0,0,0.001,0,0,0,0.003,0,0.001,0.001,0.001,0.001,0.002,0.001,0.002,0,0.001,0.001,0,0.001,0,0.001,0.001,0,0.001,0.004,0,0,0.001,0,0.002,0,0.001,0.001,0.002,0.001,0,0,0,0,0,0,0.001,0.003,0.003,0.001,0,0.002,0,0.001,0,0.001
"Glass, refractory, clay, other porcelain and ceramic, stone and abrasive products - 23.1-4/7-9   ",0.002,0,0,0.002,0,0.004,0,0,0.003,0.001,0.002,0,0,0.005,0,0.024,0.011,0,0,0,0.004,0,0,0,0,0.002,0,0.001,0.003,0.001,0,0.002,0.001,0.01,0.006,0.007,0.001,0.001,0.005,0.003,0,0,0.002,0,0,0,0.001,0.003,0,0.001,0,0,0,0.001,0.002,0,0.013,0.002,0.001,0,0.003,0.001,0,0.001,0,0,0,0,0,0,0.001,0,0,0,0,0,0,0,0,0,0,0,0,0,0,0,0,0,0,0,0,0,0,0,0,0,0.001,0,0.001,0.001,0,0,0,0,0,0,0,0,0,0,0.001,0,0,0,0,0,0,0,0,0,0.001,0,0,0,0,0,0.002,0,0
"Cement, lime, plaster and articles of concrete, cement and plaster ",0.003,0,0,0.005,0,0.018,0,0,0,0,0,0,0,0,0,0,0,0,0,0,0,0,0,0,0,0,0,0,0,0.001,0,0,0.002,0.072,0.002,0.002,0,0,0,0,0,0,0,0,0,0,0,0,0,0,0,0,0.001,0.003,0,0.006,0.024,0,0.001,0,0.004,0,0,0,0,0,0,0,0,0.001,0,0,0,0,0,0,0,0,0,0,0,0,0,0,0,0,0,0,0,0,0,0,0,0.001,0,0,0,0,0,0,0,0,0,0,0,0.003,0,0,0,0.001,0.003,0,0,0,0.006,0.013,0,0,0,0,0,0.001,0,0,0,0.001,0,0,0
Basic iron and steel            ,0,0,0,0.002,0.001,0,0,0,0,0,0,0,0,0,0,0,0,0,0,0.001,0.001,0,0,0.001,0,0,0,0,0,0.001,0,0.001,0,0.001,0.07,0,0.054,0.003,0.004,0.007,0.026,0.015,0.012,0.002,0.001,0.021,0.004,0.029,0.002,0.012,0,0,0.001,0,0.001,0,0,0.001,0.001,0,0.001,0.001,0,0,0,0,0,0.001,0,0,0,0,0,0,0,0,0,0,0,0,0,0,0,0.002,0,0,0,0,0,0,0,0,0,0,0,0,0,0,0,0,0,0,0,0,0,0,0,0,0,0,0,0,0,0,0,0,0,0,0,0,0,0,0,0,0,0,0,0,0
Other basic metals and casting           ,0,0,0,0,0,0,0,0,0,0,0,0,0,0,0,0,0,0,0,0,0,0,0,0,0,0,0,0,0,0,0,0,0,0,0,0.029,0.001,0.001,0.001,0.004,0.003,0.001,0.001,0.001,0,0,0.001,0.001,0.002,0.002,0,0,0,0,0,0,0,0,0,0,0,0,0,0,0,0,0,0,0,0,0,0,0,0,0,0,0,0,0,0,0,0,0,0,0,0,0,0,0,0,0,0,0,0,0,0,0,0,0,0,0,0,0,0,0,0,0,0,0,0,0,0,0,0,0,0,0,0,0,0,0,0.001,0,0,0,0,0,0,0
"Fabricated metal products, excl. machinery and equipment and weapons & ammunition - 25.1-3/25.5-9   ",0.007,0.002,0.003,0.047,0.015,0.005,0.007,0.004,0.01,0.002,0.005,0.001,0.008,0.01,0.022,0.04,0.063,0.003,0.002,0.011,0.015,0.001,0.006,0.009,0.001,0.002,0.006,0.012,0.019,0.008,0.004,0.015,0.015,0.012,0.01,0.019,0.054,0.02,0.023,0.046,0.082,0.042,0.056,0.09,0.003,0.019,0.024,0.058,0.072,0.037,0.005,0.002,0.002,0.001,0.006,0,0.018,0.005,0.003,0.001,0.005,0.001,0.002,0.001,0,0,0,0.001,0.001,0,0,0.001,0,0,0,0.001,0,0,0,0,0,0,0.004,0.01,0,0.001,0,0.001,0.001,0,0,0,0,0,0.001,0,0.003,0,0,0.001,0,0,0.004,0,0,0,0,0,0,0,0.001,0.001,0,0,0,0.002,0,0,0,0,0.001,0,0.001,0,0.004,0,0,0,0
Weapons and ammunition             ,0,0,0,0,0.001,0,0,0,0,0,0,0,0,0,0,0,0,0,0,0,0,0,0,0,0,0,0,0,0,0.001,0,0.001,0,0,0,0,0.001,0.125,0,0,0.001,0,0,0,0.004,0,0,0,0,0.005,0,0,0,0,0,0,0,0,0,0,0,0,0,0,0,0,0,0,0,0,0,0,0,0,0,0,0,0,0,0,0,0,0,0.003,0,0,0,0,0,0,0,0,0,0.021,0,0,0,0,0,0,0,0,0,0,0,0,0,0,0,0.012,0,0,0,0,0,0,0,0,0,0,0,0,0,0,0,0,0,0,0
"Computer, electronic and optical products           ",0,0.003,0.002,0.006,0,0.001,0,0,0,0,0,0,0,0,0,0,0,0.001,0.001,0,0.001,0.001,0,0,0.001,0.002,0.002,0,0,0.004,0.001,0,0,0.001,0.003,0.002,0,0.011,0.054,0.008,0.001,0,0.006,0.001,0.001,0.001,0.013,0.008,0.002,0.013,0.001,0,0.001,0.001,0.002,0,0,0,0,0,0,0.001,0,0,0,0,0,0,0,0.001,0.018,0,0.001,0,0,0,0,0,0,0,0,0,0,0.003,0,0.001,0.002,0,0,0,0,0,0,0.023,0,0.001,0.001,0,0,0.001,0.001,0,0.001,0,0,0.001,0,0,0.001,0.009,0.002,0.01,0.002,0,0.002,0.004,0,0,0,0,0.006,0,0.001,0.002,0,0,0.002,0,0
Electrical equipment              ,0.002,0,0,0.001,0.002,0,0.001,0,0,0,0,0,0,0,0,0,0,0,0,0.001,0,0,0,0,0,0,0,0,0,0,0,0,0,0,0.001,0,0,0.004,0.007,0.013,0.007,0,0.015,0,0.002,0,0.017,0.015,0.001,0.016,0.015,0.006,0.001,0,0.002,0,0.008,0.001,0,0.001,0.001,0.006,0.001,0,0,0.002,0,0,0,0.002,0.007,0.001,0.001,0,0,0,0,0,0.001,0.001,0,0,0,0.001,0,0,0,0.006,0.001,0,0.003,0.001,0,0.005,0.001,0,0.001,0,0.001,0.001,0.001,0,0.018,0,0,0,0,0,0,0.003,0.001,0,0.001,0,0.002,0.008,0,0,0,0,0,0.001,0.001,0,0.001,0,0.001,0.002,0
Machinery and equipment n.e.c.            ,0.001,0.001,0.001,0.04,0.001,0.007,0,0.007,0.003,0.002,0.003,0.005,0.005,0.004,0.003,0.002,0.005,0.004,0.001,0.001,0.005,0.009,0.012,0,0.001,0.001,0.005,0.003,0.001,0.001,0.001,0,0.007,0.006,0.022,0.009,0,0.004,0.011,0.015,0.014,0,0.035,0.001,0.001,0.004,0.004,0.027,0.014,0.012,0.003,0.002,0.015,0.001,0.007,0,0.004,0.008,0.001,0,0.002,0.001,0,0,0,0,0,0,0.001,0.001,0.001,0,0,0,0,0,0.001,0,0,0,0,0,0,0.001,0,0.001,0,0.001,0.001,0,0.003,0,0,0.001,0,0,0.001,0,0.001,0,0.002,0,0.002,0,0,0,0,0,0,0,0,0,0,0,0,0,0,0.003,0,0,0,0.001,0,0,0.001,0,0,0.004,0
"Motor vehicles, trailers and semi-trailers           ",0.001,0.009,0,0.007,0,0.005,0,0.001,0,0.001,0.002,0.001,0.002,0.001,0.001,0.003,0.002,0.002,0.001,0,0.003,0.001,0.001,0,0.001,0.001,0.003,0.001,0,0.001,0,0,0.001,0.004,0.003,0.005,0,0.003,0.004,0.006,0.003,0.031,0.001,0,0.001,0.006,0.003,0.003,0,0.006,0,0,0.001,0.002,0,0,0.001,0.044,0.002,0.002,0,0.012,0,0,0.002,0.007,0,0.001,0,0.001,0.001,0.002,0.001,0,0.001,0.001,0.001,0,0,0.001,0.001,0.001,0,0.003,0,0.001,0,0.022,0.002,0.002,0.044,0.001,0,0.003,0.001,0.001,0.003,0,0.002,0.001,0.002,0,0.006,0,0,0.004,0,0.001,0,0.002,0,0.001,0.005,0,0.002,0.002,0,0,0,0,0.001,0.002,0.001,0.001,0.003,0,0.002,0.002,0
Ships and boats             ,0,0,0.011,0,0,0,0.001,0,0,0,0,0,0,0,0,0,0,0,0,0,0,0,0,0,0,0,0,0,0,0,0,0,0,0,0,0,0,0,0,0,0,0,0.039,0,0,0,0,0,0,0,0,0,0,0,0,0,0,0,0,0,0,0,0,0,0,0,0,0,0,0,0,0,0,0,0,0,0,0,0,0,0,0,0,0,0,0,0,0,0,0,0,0,0,0.004,0,0,0,0,0,0,0,0,0,0,0,0,0,0,0,0.003,0,0,0,0,0,0,0,0,0,0,0,0.001,0,0,0,0,0,0,0
Air and spacecraft and related machinery          ,0,0,0,0,0.001,0,0.001,0,0,0,0,0,0,0,0,0,0,0,0,0,0,0,0,0,0,0,0,0,0,0,0,0,0,0,0,0,0,0,0,0,0,0,0,0.002,0,0,0,0,0.004,0,0,0,0,0,0,0,0,0,0,0,0,0,0,0.003,0,0,0,0,0,0,0,0,0,0,0,0,0,0,0,0,0,0,0,0,0,0,0,0,0,0,0,0,0,0.005,0,0,0,0,0,0,0,0,0,0,0,0,0,0,0,0.002,0,0,0,0,0,0,0,0,0,0,0,0,0,0,0,0,0,0,0
Other transport equipment - 30.2/4/9           ,0,0.001,0,0,0,0,0,0,0,0,0,0,0,0,0,0,0,0,0,0,0,0,0,0,0,0,0,0,0,0,0,0,0,0,0,0,0,0.002,0,0,0,0,0,0,0.031,0,0,0,0,0.003,0,0,0,0,0,0,0,0,0,0,0.002,0,0,0,0,0,0,0,0,0,0,0,0,0,0,0,0,0,0,0,0,0,0,0,0,0,0,0,0,0,0,0,0,0,0,0,0,0,0,0,0,0,0,0,0,0,0,0,0,0,0,0.001,0,0,0,0,0,0,0,0,0.001,0,0,0,0,0,0,0,0
Furniture               ,0,0.003,0.001,0,0,0,0,0,0,0,0,0,0,0,0,0,0,0,0,0,0.001,0,0,0,0.001,0,0.001,0.001,0,0.001,0,0,0.001,0.001,0,0,0,0,0,0,0,0.002,0.001,0,0,0.041,0,0.001,0,0,0,0,0,0,0,0,0,0,0,0,0,0,0,0,0,0,0,0,0,0,0,0,0,0,0,0,0,0,0,0.001,0,0,0,0.001,0,0,0,0,0.001,0,0.001,0.001,0,0.004,0.001,0,0.002,0,0,0,0,0,0.001,0,0,0,0,0,0,0.003,0.003,0.001,0.003,0,0,0.007,0,0,0,0,0.001,0.002,0.001,0,0.002,0.001,0.001,0,0
Other manufactured goods             ,0.001,0.003,0.001,0.005,0,0,0,0,0,0.001,0.001,0.001,0.001,0.001,0.001,0.001,0.001,0,0,0.002,0.002,0.002,0.019,0,0.002,0.002,0.002,0,0,0.002,0,0,0.002,0.001,0,0,0,0.001,0.002,0.001,0.007,0.002,0.004,0.001,0.001,0.001,0.006,0.004,0.001,0.006,0,0,0.001,0.004,0,0.003,0.001,0.001,0,0,0.001,0,0,0,0.001,0,0,0,0.002,0.001,0.001,0,0.001,0,0,0.001,0,0,0,0.001,0,0,0.001,0.001,0.001,0,0.005,0,0,0,0.001,0.001,0,0,0,0,0.002,0,0,0.001,0,0,0,0,0,0,0,0.001,0,0,0,0,0,0,0,0,0,0,0,0,0.015,0.001,0.001,0,0.002,0,0.001,0,0
Repair and maintenance of ships and boats         ,0,0,0.031,0,0.007,0,0.012,0,0,0,0,0,0,0,0,0,0,0,0,0,0,0,0,0,0,0,0,0,0,0,0,0,0,0,0,0,0,0,0,0,0,0,0.022,0,0,0,0,0.015,0,0,0,0,0,0.001,0.001,0,0,0,0,0,0,0,0.019,0,0.001,0,0,0,0,0,0,0,0,0,0,0,0,0,0,0,0,0,0,0,0,0,0,0,0,0.001,0,0.001,0,0,0,0,0,0,0,0,0,0,0,0,0,0,0,0.001,0,0,0,0,0,0,0,0,0,0,0,0,0,0.002,0,0,0,0,0,0,0
Repair and maintenance of aircraft and spacecraft         ,0,0,0,0,0.002,0,0.003,0,0,0,0,0,0,0,0,0,0,0,0,0,0,0,0,0,0,0,0,0,0,0,0,0,0,0,0,0,0,0.003,0,0,0.002,0,0.001,0.091,0.001,0.001,0,0.006,0.259,0.001,0,0,0,0,0,0,0,0,0.001,0,0,0,0,0.01,0.001,0,0,0,0,0,0,0,0,0,0,0,0,0,0,0,0,0,0.003,0.004,0,0.001,0,0,0,0,0,0,0,0,0,0,0,0,0,0,0,0,0,0,0,0,0,0.001,0,0,0,0,0,0,0,0,0,0,0,0,0,0,0,0,0,0,0,0,0
Rest of repair; Installation - 33.11-14/17/19/20          ,0.002,0.007,0.003,0.05,0.006,0.006,0.007,0.004,0.003,0.003,0.004,0.003,0.004,0.004,0.001,0.004,0.008,0.003,0.002,0.002,0.011,0.003,0.002,0.002,0.004,0.004,0.008,0.003,0.002,0.002,0.001,0.01,0.006,0.007,0.01,0.009,0.008,0.011,0.013,0.034,0.037,0.019,0.039,0.017,0.15,0.007,0.013,0.041,0.009,0.023,0.005,0.004,0.007,0.001,0.003,0,0.013,0.005,0.002,0.001,0.01,0.003,0.002,0.001,0.003,0.001,0,0.001,0.001,0.001,0.008,0.002,0.001,0,0,0,0,0,0,0,0,0,0.002,0.004,0.001,0,0.004,0.002,0.001,0,0,0.001,0,0,0,0,0.001,0,0.002,0,0.004,0,0.005,0,0,0,0,0.002,0,0,0,0,0,0,0,0,0,0,0,0,0.011,0.002,0,0,0.001,0,0.01,0.006,0
"Electricity, transmission and distribution",0.016,0.009,0.044,0.037,0.002,0.026,0.003,0.014,0.01,0.012,0.013,0.019,0.014,0.011,0.011,0.019,0.007,0.01,0.007,0.005,0.009,0.049,0.01,0.03,0.03,0.018,0.069,0.006,0.007,0.011,0.007,0.018,0.034,0.038,0.027,0.039,0.01,0.007,0.008,0.008,0.016,0.008,0.039,0.009,0.011,0.009,0.009,0.02,0.005,0.01,0.369,0.208,0.063,0.005,0.004,0.006,0.005,0.005,0.007,0.009,0.021,0.011,0,0.004,0.003,0.008,0.006,0.008,0.004,0.002,0.006,0.006,0.005,0.003,0.001,0.007,0.001,0.006,0,0.004,0.007,0.002,0.009,0.006,0.003,0.005,0.005,0.01,0.007,0.001,0.004,0.006,0.006,0.006,0.005,0.002,0.002,0.008,0.006,0.003,0.003,0.002,0.006,0.001,0,0.002,0,0.003,0.001,0.004,0.003,0.005,0.006,0.04,0.018,0.018,0,0,0,0.004,0.014,0.009,0.007,0.006,0.001,0.014,0.008,0.004,0.003
Gas; distribution of gaseous fuels through mains; steam and air conditioning supply    ,0.002,0.005,0.03,0.036,0.008,0.01,0.032,0.012,0.028,0.02,0.017,0.024,0.02,0.028,0.006,0.022,0.006,0.013,0.006,0.01,0.007,0.033,0.003,0.012,0.033,0.019,0.079,0.011,0.007,0.008,0.007,0.017,0.092,0.057,0.028,0.017,0.017,0.003,0.005,0.009,0.013,0.005,0.005,0.002,0.001,0.003,0.005,0.013,0.002,0.007,0.097,0.126,0.001,0.002,0.001,0,0.001,0.001,0.002,0.002,0.003,0.003,0,0.002,0.001,0.001,0.002,0.003,0.002,0,0.001,0.001,0.001,0.001,0,0.001,0,0,0,0.001,0.002,0,0.003,0.003,0.001,0.002,0.002,0.002,0.002,0,0.001,0.001,0.002,0.004,0.001,0.001,0.003,0,0.001,0.001,0.001,0,0.002,0,0,0.001,0,0.001,0,0.003,0.004,0.004,0.005,0,0.011,0.013,0,0,0,0.001,0.005,0.001,0.002,0.003,0.004,0,0.004,0,0.001
Natural water; water treatment and supply services         ,0.003,0.001,0.001,0.002,0,0.002,0.001,0.001,0.004,0.014,0.003,0.002,0.003,0.003,0.001,0.005,0.002,0.002,0,0.003,0.001,0.002,0.001,0.001,0.002,0.002,0.008,0.002,0.001,0.001,0.001,0.001,0.003,0.002,0.001,0.004,0.001,0,0.001,0.001,0,0,0.001,0,0,0.002,0.001,0,0,0,0.001,0.001,0.017,0.001,0.003,0,0,0,0,0,0,0,0,0,0,0,0,0,0,0,0,0,0,0,0.004,0,0,0,0,0,0,0,0,0.001,0,0,0,0,0,0,0,0.002,0,0.003,0.001,0,0,0,0.001,0,0,0,0,0,0,0.002,0,0,0,0.002,0.001,0.001,0.002,0,0.009,0.011,0,0,0,0,0.001,0.002,0.001,0,0,0,0.002,0,0
Sewerage services; sewage sludge            ,0,0,0.002,0,0,0,0,0.001,0.001,0.002,0.001,0,0.001,0,0,0,0,0,0,0,0.001,0.001,0,0,0.001,0.001,0.003,0,0,0,0,0,0,0,0,0,0,0,0,0,0,0,0,0,0,0,0,0,0,0,0,0,0.001,0.149,0.019,0.025,0,0,0,0,0,0.001,0,0.001,0,0.001,0,0,0,0.001,0,0,0,0,0,0,0,0,0,0,0,0,0,0,0.001,0,0.001,0,0,0,0,0,0,0,0,0.004,0.001,0,0.001,0.001,0.001,0,0,0.001,0,0.002,0,0,0.001,0,0.001,0.003,0,0,0,0.001,0,0,0,0,0.003,0.001,0.001,0.012,0.001,0,0,0,0
"Waste collection, treatment and disposal services; materials recovery services       ",0,0,0.008,0,0,0,0,0.003,0.002,0.001,0.001,0.001,0.001,0.001,0.001,0.001,0.001,0.001,0.007,0.002,0.001,0.001,0.001,0,0.002,0.002,0.003,0.001,0.001,0,0.001,0,0.002,0.001,0.012,0.001,0,0,0,0,0,0,0.001,0,0,0.001,0.001,0,0.001,0,0,0,0.001,0.049,0.044,0,0.001,0.001,0.001,0.001,0.001,0.002,0.001,0.002,0.001,0.001,0.001,0.001,0.001,0.001,0.001,0.001,0,0,0,0.001,0,0,0.002,0.001,0.001,0,0.001,0.002,0.002,0.001,0.002,0.002,0.001,0,0.001,0.007,0.001,0.012,0,0.01,0.002,0.002,0.001,0.001,0.005,0,0.001,0.002,0,0.253,0,0.001,0.001,0.008,0,0.001,0,0,0,0.001,0,0,0,0.002,0.005,0.012,0.001,0.034,0.001,0.003,0.001,0.008,0
Remediation services and other waste management services         ,0,0,0,0,0,0,0,0,0,0,0,0,0,0,0,0,0,0,0,0,0,0,0,0,0,0,0,0,0,0,0,0,0,0,0,0,0,0,0,0,0,0,0,0,0,0,0,0,0,0,0,0,0,0,0,0.089,0,0,0,0,0,0,0,0,0,0,0,0,0,0,0,0,0,0,0,0,0,0,0,0,0,0,0,0,0,0,0,0,0,0,0,0,0,0,0,0,0,0,0,0,0,0,0,0,0,0,0,0,0,0,0,0.002,0,0,0,0.001,0,0,0,0,0,0,0,0,0,0,0,0,0
Construction,0.023,0.01,0.023,0.027,0.026,0.006,0.021,0,0,0.002,0.001,0.003,0.007,0.007,0.002,0.006,0.007,0.006,0.007,0.014,0.006,0.006,0.011,0.017,0.006,0.01,0.004,0.006,0.003,0.002,0.003,0.005,0.009,0.009,0.006,0.005,0.003,0.002,0.001,0.003,0.005,0.003,0.016,0.01,0.005,0.01,0.009,0.022,0.008,0.004,0.008,0.009,0.049,0.009,0.025,0.022,0.22,0.008,0.027,0.081,0.005,0.011,0.028,0.017,0.027,0.018,0.011,0.021,0.006,0.004,0.02,0.006,0.006,0.011,0.04,0.002,0.131,0.04,0.006,0.011,0.005,0.006,0.005,0.005,0.006,0.005,0.004,0.008,0.01,0.009,0.006,0.005,0.002,0.047,0.004,0.002,0.001,0.008,0.036,0.01,0.004,0.005,0.006,0.006,0,0.026,0,0.019,0.003,0.031,0.004,0.006,0.011,0.06,0.026,0.033,0,0.245,0,0,0.011,0.006,0.006,0.006,0.001,0.015,0.02,0.004,0.01
Wholesale and retail trade and repair services of motor vehicles and motorcycles    ,0.032,0.035,0.008,0.006,0.002,0.004,0.001,0.009,0.009,0.007,0.012,0.011,0.009,0.007,0.005,0.003,0.02,0.005,0.002,0.004,0.006,0.009,0.008,0.002,0.003,0.002,0.005,0.005,0.049,0.008,0.003,0.022,0.005,0.006,0.007,0.006,0.009,0.009,0.008,0.009,0.022,0.074,0.011,0.002,0.045,0.012,0.011,0.015,0.002,0.018,0.001,0.001,0.004,0.005,0.007,0,0.013,0.055,0.018,0.008,0.026,0.035,0.009,0.009,0.008,0.014,0.004,0.005,0.023,0.003,0.009,0.008,0.011,0.004,0.009,0.002,0.003,0,0.001,0.006,0.004,0.002,0.001,0.008,0.008,0.002,0.002,0.038,0.006,0.005,0.016,0.004,0.003,0.005,0.002,0.001,0.004,0.001,0.004,0.003,0.003,0.001,0.012,0.006,0,0.009,0,0.005,0.002,0.003,0.002,0.006,0.007,0,0.003,0.006,0,0.003,0,0.002,0.006,0.005,0.004,0.002,0.002,0.002,0.002,0,0.003
"Wholesale trade services, except of motor vehicles and motorcycles       ",0.032,0.029,0.02,0.029,0.005,0.022,0.007,0.04,0.038,0.052,0.037,0.051,0.027,0.033,0.058,0.029,0.035,0.048,0.021,0.027,0.02,0.046,0.037,0.012,0.071,0.103,0.049,0.059,0.065,0.045,0.027,0.034,0.042,0.037,0.087,0.063,0.055,0.02,0.043,0.057,0.058,0.044,0.034,0.027,0.008,0.026,0.042,0.04,0.022,0.037,0.008,0.004,0.008,0.005,0.004,0.003,0.015,0.013,0.01,0.004,0.003,0.005,0.002,0.004,0.002,0.003,0.029,0.029,0.032,0.003,0.017,0.004,0.002,0.001,0.001,0.001,0.001,0,0,0.001,0.001,0.001,0.003,0.011,0.009,0.003,0.005,0.004,0.002,0.001,0.005,0.004,0.002,0.016,0.003,0.001,0.008,0.002,0.004,0.004,0.004,0.001,0.008,0.003,0,0.004,0,0.001,0,0.011,0.004,0.019,0.007,0,0.004,0.012,0,0,0,0.001,0.013,0.006,0.004,0.005,0.005,0.002,0.004,0.004,0.004
"Retail trade services, except of motor vehicles and motorcycles       ",0,0,0,0,0,0,0,0,0,0,0,0,0,0,0,0,0,0,0,0,0,0,0,0,0,0,0,0,0,0,0,0,0,0,0,0,0,0,0,0,0,0,0,0,0,0,0,0,0,0,0,0,0,0,0,0,0,0,0,0,0,0,0,0,0,0,0,0,0,0,0,0,0,0,0,0,0,0,0,0,0,0,0,0,0,0,0,0,0,0,0,0,0,0,0,0,0,0,0,0,0,0,0,0,0,0,0,0,0,0,0,0,0,0,0,0,0,0,0,0,0,0,0,0,0,0,0,0,0
Rail transport services             ,0,0.001,0.002,0.006,0.003,0.001,0.002,0,0,0.001,0,0.001,0,0,0,0.001,0,0.001,0.001,0,0,0,0,0,0,0,0.001,0,0,0,0,0,0.001,0.001,0,0,0,0,0,0,0,0,0.001,0,0.002,0.001,0,0.003,0,0,0,0,0,0,0.001,0,0,0,0,0,0.001,0,0,0,0.001,0.004,0,0,0,0,0,0,0,0,0.001,0,0,0,0.001,0,0,0,0,0.001,0,0,0,0,0,0.001,0.001,0,0,0.007,0,0,0,0.001,0,0,0,0,0.001,0,0,0,0,0.001,0,0.003,0.001,0.002,0,0,0.005,0.006,0,0,0,0,0.002,0,0,0,0,0.001,0,0,0
"Land transport services and transport services via pipelines, excluding rail transport     ",0.003,0.011,0,0.021,0.002,0.074,0.002,0.024,0.026,0.029,0.036,0.05,0.028,0.012,0.029,0.03,0.035,0.007,0.01,0.016,0.023,0.023,0.023,0.006,0.018,0.015,0.012,0.023,0.012,0.015,0.001,0.007,0.041,0.065,0.016,0.005,0.009,0.002,0.007,0.008,0.003,0.003,0.001,0.001,0.003,0.012,0.004,0.001,0.002,0.005,0,0.001,0.001,0.006,0.091,0.013,0.006,0.024,0.085,0.015,0.008,0.043,0.001,0.002,0.018,0.019,0.006,0.008,0.015,0.001,0.004,0.004,0.003,0.004,0.006,0.002,0.001,0,0.003,0.005,0.006,0.003,0.004,0.005,0.007,0.003,0.012,0.016,0.006,0.011,0.002,0.003,0.003,0.007,0.002,0.001,0.002,0.001,0.006,0.002,0.002,0,0.006,0.003,0,0.014,0.705,0.012,0.001,0.004,0.013,0.011,0.021,0,0,0.007,0,0,0,0.002,0.036,0.004,0.002,0.005,0.002,0.001,0.001,0.002,0.001
Water transport services             ,0,0,0.023,0,0.001,0.001,0,0,0,0,0,0,0,0.001,0,0.001,0,0,0.001,0,0,0,0.001,0,0,0,0,0,0,0,0,0,0.001,0,0,0,0,0,0,0,0,0,0,0,0.002,0,0.001,0,0,0,0,0,0,0,0.001,0,0,0.001,0.001,0,0.001,0,0.144,0,0.012,0.002,0,0,0.001,0,0,0,0,0,0,0,0,0,0,0,0,0,0,0,0,0,0,0.001,0,0.001,0,0,0,0,0,0,0.001,0,0,0,0,0,0,0,0,0,0,0.002,0,0,0,0,0,0,0,0,0,0,0,0,0,0,0,0,0.001,0,0,0,0
Air transport services             ,0,0,0,0,0,0,0,0,0,0.001,0,0,0,0,0,0,0,0,0,0,0,0,0,0,0,0,0,0,0,0,0,0,0,0,0,0,0,0,0,0,0,0,0.001,0,0,0,0,0.001,0,0,0,0,0,0,0,0,0,0,0,0,0,0,0,0,0,0,0,0,0,0,0,0,0,0,0,0,0,0,0,0,0,0,0,0,0,0,0,0,0,0,0,0,0,0,0,0,0,0,0,0,0,0,0,0,0,0,0,0,0.001,0,0,0,0,0,0,0,0,0,0,0.001,0,0.002,0,0,0,0,0,0,0
Warehousing and support services for transportation          ,0.001,0.001,0.005,0.001,0.001,0.001,0.001,0.001,0.001,0.003,0.001,0.001,0.001,0.001,0.001,0.002,0.004,0.001,0.012,0.004,0.001,0,0.005,0.001,0.001,0.001,0.002,0.003,0.002,0.006,0.002,0.002,0.003,0.002,0.003,0.001,0.001,0.001,0.001,0.001,0.002,0.002,0.002,0.003,0.001,0.002,0.002,0.002,0.001,0.001,0.001,0.002,0.003,0.003,0.004,0.006,0.002,0.01,0.06,0.006,0.186,0.025,0.062,0.009,0.221,0.015,0.002,0.005,0,0.002,0.005,0.006,0.001,0.008,0.007,0.004,0.002,0,0.007,0.001,0.001,0.002,0.003,0.004,0.001,0.002,0,0.009,0.01,0,0.004,0.009,0.006,0.002,0.006,0,0.002,0.002,0.003,0.002,0.002,0.001,0.004,0.002,0,0.001,0,0.152,0.005,0.001,0,0,0,0,0,0,0,0.003,0,0.002,0.001,0.014,0.008,0.002,0.002,0.003,0.002,0.002,0.002
Postal and courier services            ,0.001,0.003,0,0.002,0.002,0.001,0.002,0.001,0.002,0.002,0.002,0.004,0.002,0.013,0.002,0.006,0.021,0.001,0.003,0.002,0.001,0.003,0.001,0.004,0.002,0.005,0.001,0.002,0.009,0.002,0.009,0,0.002,0.006,0.002,0.004,0.002,0,0,0.001,0.001,0.001,0,0.001,0.001,0.001,0.001,0,0.001,0.001,0,0,0,0.003,0.005,0.003,0.001,0.004,0.01,0.004,0.001,0.003,0.001,0,0.003,0.013,0.004,0.004,0.001,0.003,0.006,0.006,0.003,0.028,0.032,0.037,0.003,0,0.004,0.011,0.007,0.004,0.004,0.003,0.004,0.002,0.001,0.004,0.004,0,0.003,0.005,0.002,0.014,0.003,0,0.008,0.001,0.003,0.001,0.002,0.002,0.002,0.003,0,0,0,0.003,0.003,0.009,0,0.002,0.002,0,0,0,0,0,0,0.002,0.003,0.008,0.003,0.001,0.005,0.003,0.002,0.004,0.004
Accommodation services              ,0,0,0,0,0,0,0,0,0,0,0,0,0,0,0,0,0,0,0,0,0,0,0,0,0,0,0,0,0,0,0,0,0,0,0,0,0,0,0,0,0,0,0,0,0,0,0,0,0,0,0,0,0,0,0,0,0,0,0,0,0,0,0,0,0,0,0,0,0,0,0,0,0,0,0,0,0,0,0,0,0,0,0,0,0,0,0,0,0,0,0,0,0,0,0,0,0,0,0,0,0,0,0,0,0,0,0,0,0,0,0,0,0,0,0,0,0,0,0,0,0,0,0,0,0.002,0,0,0,0
Food and beverage serving services           ,0,0,0.003,0.001,0.001,0,0,0.006,0,0.004,0.001,0,0.001,0.002,0.001,0.001,0.001,0,0.001,0,0,0,0,0,0,0,0,0,0.001,0,0,0.001,0,0.001,0,0,0,0,0.001,0,0,0.001,0.002,0,0.001,0.001,0,0.001,0,0,0,0,0,0,0.001,0,0,0,0,0.009,0.001,0,0,0.002,0.001,0.003,0,0.002,0,0,0.001,0,0.001,0.001,0.002,0.001,0,0,0,0,0,0,0,0.001,0,0,0.001,0,0,0,0,0,0,0.006,0,0,0.019,0.001,0.004,0.002,0,0.003,0.009,0.002,0,0,0,0.001,0,0.001,0,0.002,0.004,0,0,0,0,0,0,0,0.002,0.001,0.001,0.001,0.012,0.004,0,0,0.001
Publishing services              ,0,0.005,0,0.001,0,0,0,0,0,0.001,0.001,0.001,0.001,0.001,0,0.002,0,0.001,0.002,0.002,0,0.001,0.004,0.001,0.001,0,0.001,0.001,0.002,0.003,0.003,0.001,0.003,0.001,0.001,0.001,0.001,0,0,0.001,0.001,0.001,0.001,0.001,0,0.002,0.002,0.002,0.001,0.001,0.002,0.001,0.003,0,0.002,0,0,0.001,0.001,0,0,0,0,0.001,0.002,0.001,0,0.001,0.104,0.001,0,0.001,0,0.001,0.002,0,0,0,0,0.002,0.001,0.001,0.001,0.001,0.025,0.001,0,0,0,0,0.001,0,0,0.003,0.001,0,0.002,0.001,0.001,0.001,0.001,0.002,0,0,0,0.001,0,0.001,0,0.002,0.01,0,0.007,0.011,0.012,0.02,0,0,0,0,0.001,0,0.001,0,0.001,0.002,0.001,0,0.004
"Motion Picture, Video & TV Programme Production, Sound Recording & Music Publishing Activities & Programming And Broadcasting Activities",0,0,0,0,0,0,0,0,0,0,0,0,0,0,0,0,0,0,0,0,0,0,0.002,0,0,0,0,0,0,0,0,0,0,0,0,0,0,0,0,0,0,0,0,0,0,0,0,0,0,0,0,0,0,0,0,0,0,0,0,0,0,0,0,0,0,0,0.006,0.001,0,0.096,0,0,0.001,0,0,0,0,0,0,0,0,0,0,0,0.006,0,0,0,0,0,0,0,0,0.002,0.001,0,0,0.009,0.03,0.002,0.013,0.006,0,0,0,0.002,0,0,0.139,0.001,0.001,0,0.001,0.028,0.012,0.008,0,0,0,0,0,0,0.001,0.001,0,0.017,0.004,0.018,0.014
Telecommunications services              ,0.009,0.005,0.005,0.002,0.001,0.001,0.003,0.001,0.001,0.001,0.001,0.001,0.001,0.001,0.001,0.002,0.002,0.002,0.007,0.004,0.001,0.001,0.003,0.001,0.002,0.001,0.004,0.002,0.001,0.003,0.002,0.001,0.002,0.002,0.003,0.001,0.003,0.001,0.003,0.002,0.002,0.001,0.001,0.002,0.001,0.003,0.002,0.001,0.001,0.002,0.002,0.002,0.004,0.009,0.004,0.003,0.002,0.005,0.016,0.006,0.004,0.005,0.004,0.004,0.012,0.017,0.006,0.008,0.003,0.049,0.005,0.007,0.006,0.023,0.025,0.05,0.004,0.002,0.01,0.012,0.007,0.014,0.004,0.004,0.024,0.005,0.007,0.007,0.009,0.004,0.007,0.01,0.005,0.018,0.001,0.002,0.003,0.002,0.018,0.005,0.004,0.002,0.005,0.004,0,0.003,0,0.008,0.01,0.012,0.001,0.006,0.007,0,0.006,0.007,0,0.003,0,0.002,0.02,0.017,0.001,0.006,0.002,0.004,0.002,0.006,0.003
"Computer programming, consultancy and related services          ",0,0.003,0.003,0.005,0.011,0.002,0.008,0.004,0.005,0.003,0.003,0.004,0.005,0.005,0.004,0.012,0.009,0.002,0.009,0.012,0.005,0.005,0.007,0.009,0.002,0.008,0.007,0.01,0.004,0.008,0.019,0.003,0.003,0.002,0.013,0.01,0.001,0.007,0.002,0.004,0.009,0.007,0.012,0.031,0.013,0.006,0.009,0.013,0.013,0.004,0.005,0.01,0.017,0,0.01,0.009,0.008,0.021,0.017,0.008,0.029,0.013,0.042,0.047,0.007,0.032,0.02,0.01,0.003,0.016,0.03,0.026,0.042,0.023,0.051,0.066,0.011,0,0.014,0.017,0.022,0.02,0.021,0.011,0.022,0.02,0.009,0.016,0.013,0.016,0.019,0.014,0.009,0.02,0.008,0.009,0.007,0.017,0.009,0.009,0.009,0.007,0.018,0.015,0,0.003,0,0.005,0.018,0.009,0.002,0.004,0.007,0,0.008,0.008,0,0.013,0,0.009,0.026,0.021,0.011,0.03,0.004,0.031,0.008,0.01,0.013
Information services              ,0,0.001,0,0,0,0,0,0.001,0.001,0,0.001,0,0.001,0.001,0.001,0.005,0.002,0,0.001,0,0.001,0.002,0.002,0,0.001,0.001,0,0.001,0,0.001,0.002,0,0.001,0,0.001,0.001,0,0.001,0,0.001,0.001,0,0.001,0.002,0.001,0.001,0.001,0.001,0.001,0,0,0,0,0,0,0,0.001,0.003,0.003,0.003,0.003,0.003,0.002,0.007,0.007,0.006,0.002,0.002,0.001,0.008,0.005,0.001,0.005,0.003,0.007,0.002,0.001,0,0.001,0.002,0.002,0.004,0.003,0.002,0.006,0.004,0.001,0.002,0.001,0.001,0.005,0.003,0.005,0,0.001,0.001,0.001,0.058,0.004,0.002,0.004,0.001,0.003,0,0,0,0,0.005,0,0,0,0,0,0,0,0,0,0,0,0.003,0.002,0.004,0.001,0.003,0,0.116,0.004,0.006,0.001
"Financial services, except insurance and pension funding         ",0.04,0.01,0.012,0.033,0.047,0.056,0.048,0.008,0.024,0.015,0.016,0.02,0.027,0.041,0.014,0.043,0.022,0.02,0.055,0.014,0.023,0.02,0.01,0.037,0.029,0.026,0.025,0.02,0.018,0.042,0.036,0.023,0.034,0.039,0.01,0.016,0.025,0.01,0.013,0.021,0.015,0.029,0.015,0.041,0.05,0.02,0.027,0.021,0.022,0.019,0.016,0.013,0.024,0.008,0.057,0.009,0.012,0.015,0.016,0.016,0.006,0.016,0.011,0.015,0.025,0.023,0.015,0.014,0.006,0.01,0.013,0.012,0.01,0.024,0.021,0.014,0.061,0.07,0.079,0.015,0.021,0.019,0.021,0.014,0.02,0.023,0.005,0.021,0.028,0.018,0.012,0.016,0.013,0.034,0,0.01,0.005,0.014,0.009,0.008,0.009,0.002,0.012,0.02,0,0,0,0.02,0.002,0.024,0,0,0,0,0,0.003,0,0.109,0,0.013,0.014,0.026,0,0.035,0.004,0.025,0.001,0.012,0.006
"Insurance, reinsurance and pension funding services, except compulsory social security",0.009,0.016,0.032,0.006,0.003,0.004,0.004,0.001,0.003,0.005,0.002,0.001,0.003,0.003,0.001,0.002,0.001,0.003,0.005,0.003,0.004,0.003,0.002,0.001,0.004,0.003,0.009,0.002,0.003,0.001,0,0.005,0.005,0.004,0.004,0.002,0.005,0.001,0.003,0.004,0.005,0.002,0.006,0.002,0.003,0.003,0.002,0.003,0.002,0.006,0.002,0.002,0.006,0.02,0.015,0,0.004,0.004,0.006,0.004,0.001,0.004,0.004,0.013,0.005,0.006,0.004,0.004,0.001,0.004,0.001,0.004,0.009,0.006,0.11,0.002,0.016,0.007,0.004,0.001,0.002,0.002,0.001,0.002,0.003,0.002,0.004,0.007,0.004,0.002,0.002,0.002,0.001,0.004,0.001,0.006,0.002,0.001,0.003,0.002,0.003,0,0.009,0.003,0,0.003,0,0.003,0.002,0.003,0.002,0.005,0.006,0,0.002,0.003,0,0.018,0,0.002,0.013,0.002,0.001,0.021,0.002,0.002,0.001,0.004,0
Services auxiliary to financial services and insurance services        ,0,0,0,0.006,0,0.001,0.001,0,0,0,0.001,0.001,0.001,0,0,0.002,0,0.001,0.002,0,0,0,0.001,0.003,0.003,0.003,0,0.001,0.002,0.004,0,0,0.002,0.007,0.002,0.001,0,0.001,0.001,0.001,0.001,0.001,0.001,0.001,0.005,0.001,0.001,0.001,0.001,0.001,0,0,0.001,0.001,0.008,0,0.002,0.001,0.004,0.002,0.001,0.001,0.013,0.008,0.001,0.002,0,0.001,0.002,0.001,0.003,0.008,0.006,0.013,0.026,0.052,0.003,0,0.003,0.005,0.002,0.003,0.014,0.003,0.002,0.006,0,0.005,0.005,0,0.003,0.006,0.006,0,0.001,0,0,0.001,0.001,0,0.001,0,0.005,0.002,0,0,0,0.001,0,0,0,0,0,0,0,0,0,0,0,0.003,0,0.01,0.001,0,0,0.002,0,0.002,0
"Real estate services, excluding on a fee or contract basis and imputed rent   ",0.003,0,0,0,0.001,0.001,0,0.001,0.001,0,0.001,0.001,0.004,0.003,0.001,0.001,0.002,0.002,0.004,0.019,0.002,0.001,0.006,0.001,0.001,0,0.001,0.002,0.001,0.002,0.001,0.003,0.002,0.002,0.002,0.001,0.004,0,0.001,0.002,0.001,0.001,0.003,0.003,0.002,0.006,0.001,0.007,0.002,0.001,0.002,0.002,0.006,0.001,0.018,0.006,0.007,0.005,0.031,0.049,0.001,0.009,0.011,0.017,0.01,0.015,0.005,0.012,0.002,0.001,0.006,0.005,0.003,0.016,0.019,0.002,0.007,0.001,0.005,0.005,0.002,0.001,0.002,0.006,0.003,0.002,0.002,0.003,0.005,0.008,0.002,0.006,0.002,0.029,0.001,0.001,0,0.003,0.02,0.006,0.002,0,0.011,0.009,0,0.004,0,0.007,0.003,0.02,0.004,0.012,0.009,0.031,0.012,0.015,0,0.01,0,0.008,0.005,0.009,0.001,0.003,0,0.005,0.002,0.002,0
Owner-Occupiers' Housing Services,0,0,0,0,0,0,0,0,0,0,0,0,0,0,0,0,0,0,0,0,0,0,0,0,0,0,0,0,0,0,0,0,0,0,0,0,0,0,0,0,0,0,0,0,0,0,0,0,0,0,0,0,0,0,0,0,0,0,0,0,0,0,0,0,0,0,0,0,0,0,0,0,0,0,0,0,0,0,0,0,0,0,0,0,0,0,0,0,0,0,0,0,0,0,0,0,0,0,0,0,0,0,0,0,0,0,0,0,0,0,0,0,0,0,0,0,0,0,0,0,0,0,0,0,0,0,0,0,0
Real estate services on a fee or contract basis       ,0,0,0,0,0,0,0,0,0,0,0,0,0,0,0,0,0,0,0,0,0,0,0,0,0,0,0,0,0,0,0,0,0,0,0,0,0,0,0,0,0,0,0,0,0,0,0,0,0,0,0,0,0,0,0,0,0,0,0,0,0,0,0,0,0,0,0,0,0,0,0,0,0,0,0.003,0,0,0,0.002,0,0,0,0,0,0,0,0,0,0,0,0,0.001,0,0,0,0,0,0,0,0,0,0,0,0,0,0,0,0,0.001,0,0,0,0,0,0,0,0,0,0,0,0,0.002,0,0,0,0,0,0,0
Legal services              ,0,0,0.002,0,0.02,0,0.026,0,0,0,0.001,0,0.001,0.001,0.001,0.002,0.001,0.001,0.003,0.002,0,0.001,0.002,0.002,0.001,0.003,0.001,0.003,0.002,0.004,0.003,0.002,0.001,0.001,0.001,0.001,0.001,0.001,0.001,0.001,0.002,0.001,0.001,0.001,0.001,0.001,0.002,0.001,0.001,0.001,0.001,0.001,0.002,0.004,0.007,0.006,0.005,0.004,0.007,0.002,0.005,0.005,0.013,0.005,0.007,0.004,0.004,0.004,0.001,0.003,0.003,0.012,0.023,0.017,0.02,0.008,0.004,0.003,0.012,0.045,0.021,0.014,0.019,0.005,0.018,0.013,0.004,0.024,0.012,0.001,0.011,0.012,0.014,0.028,0.002,0.001,0.005,0.003,0.002,0.002,0.004,0.002,0.011,0.022,0,0,0,0.006,0.004,0.017,0,0.011,0.001,0,0,0,0,0.003,0.027,0.003,0.011,0.02,0.002,0.003,0.004,0.005,0.002,0.004,0.004
"Accounting, bookkeeping and auditing services; tax consulting services        ",0.002,0,0.001,0.001,0.002,0,0.006,0.001,0.001,0.002,0.001,0.002,0.003,0.002,0.001,0.002,0.002,0.003,0.01,0.004,0.001,0.001,0.001,0.002,0.002,0.002,0.003,0.007,0.002,0.005,0.005,0.002,0.001,0.001,0.001,0.001,0.001,0.001,0.001,0.001,0.003,0.001,0.003,0.004,0.001,0.003,0.003,0.002,0.001,0.002,0.002,0.001,0.002,0.002,0.005,0,0.003,0.004,0.006,0.005,0.003,0.005,0.005,0.004,0.008,0.003,0.005,0.005,0.001,0.003,0.002,0.007,0.007,0.016,0.015,0.003,0.003,0,0.007,0.02,0,0.008,0.029,0.004,0.002,0.013,0.002,0.008,0.009,0.003,0.01,0.007,0.009,0.004,0.001,0,0.002,0.002,0.003,0.002,0.004,0.002,0.005,0.013,0,0,0,0.006,0.008,0.002,0,0.002,0.001,0,0,0,0,0.003,0,0.003,0.004,0.011,0.002,0.001,0.002,0.004,0.002,0.004,0.004
Services of head offices; management consulting services         ,0,0,0,0.002,0,0,0,0.001,0.001,0.002,0,0.001,0.001,0.002,0.001,0.05,0.013,0.005,0.002,0.017,0.002,0.002,0.004,0.001,0.002,0.003,0.001,0.006,0.027,0.004,0.004,0.002,0.002,0.001,0.001,0.001,0.001,0.001,0.002,0.002,0.001,0.008,0.001,0.001,0.001,0.002,0.003,0.002,0.001,0.002,0.001,0.001,0.001,0.003,0,0,0.005,0.009,0.005,0.035,0.005,0.003,0.004,0.007,0.011,0.007,0.005,0.009,0.006,0.014,0.005,0.021,0.016,0.059,0.025,0.004,0.007,0,0.002,0.005,0.006,0.087,0.012,0.005,0.06,0.016,0,0.006,0.047,0.004,0.019,0.015,0.032,0.014,0.003,0,0.001,0.008,0.02,0.011,0.013,0.001,0.01,0.006,0,0.005,0,0.009,0.008,0.009,0.001,0,0,0.048,0.02,0.025,0,0.008,0,0.002,0.001,0.023,0.002,0.001,0.001,0.014,0.009,0.016,0.001
Architectural and engineering services; technical testing and analysis services       ,0.001,0,0,0.004,0.006,0.001,0.008,0.001,0.027,0.002,0.002,0.004,0.003,0.003,0.002,0.012,0.008,0.005,0.019,0.005,0.002,0.003,0.007,0.002,0.003,0.004,0.004,0.007,0.001,0.006,0.006,0.005,0.004,0.003,0.005,0.003,0.002,0.004,0.009,0.002,0.007,0.002,0.004,0.035,0.004,0.005,0.005,0.01,0.02,0.005,0.005,0.003,0.007,0,0.004,0.016,0.018,0.011,0.007,0.006,0.004,0.005,0.007,0.003,0.015,0.008,0.005,0.006,0.004,0.009,0.005,0.019,0.027,0.011,0.014,0.003,0.008,0.004,0.029,0.009,0.012,0.016,0.081,0.011,0.017,0.031,0.005,0.02,0.024,0.006,0.014,0.028,0.021,0.01,0.002,0.001,0.003,0.003,0.006,0.007,0.006,0.004,0.017,0.002,0,0.017,0,0.012,0.012,0.005,0.001,0.011,0.001,0,0,0.006,0,0.013,0,0.005,0.014,0.045,0.002,0.002,0.002,0.006,0.007,0.008,0.008
Scientific research and development services           ,0,0,0,0,0,0,0,0,0,0,0,0,0,0,0,0,0,0,0,0,0,0,0,0,0,0,0,0,0,0,0,0,0,0,0,0,0,0,0,0,0,0,0,0,0,0,0,0,0,0,0,0,0,0,0,0,0,0,0,0,0,0,0,0,0,0,0,0,0,0,0,0,0,0,0,0,0,0,0,0,0,0.001,0.001,0.077,0,0.002,0,0.001,0.001,0,0,0,0.009,0.002,0.001,0.001,0,0,0,0,0,0,0,0,0,0,0,0,0.003,0.001,0,0.018,0,0,0,0,0,0,0,0.213,0,0,0.001,0.004,0,0,0,0,0
Advertising and market research services           ,0.002,0.001,0.002,0.004,0.003,0.001,0.003,0.003,0.014,0.007,0.007,0.033,0.01,0.022,0.004,0.026,0.03,0.015,0.012,0.019,0.006,0.004,0.007,0.002,0.002,0.001,0.002,0.013,0.023,0.011,0.011,0.003,0.005,0.004,0.003,0.002,0.002,0.003,0.005,0.004,0.001,0.003,0.002,0.002,0.004,0.003,0.006,0.001,0.001,0.003,0.003,0.003,0.001,0.001,0.01,0.009,0.003,0.01,0.009,0.012,0.009,0.01,0.01,0.009,0.017,0.019,0.008,0.009,0.027,0.009,0.012,0.017,0.016,0.018,0.025,0.004,0.005,0.002,0.009,0.007,0.004,0.014,0.013,0.004,0.011,0.009,0.001,0.016,0.007,0.002,0.008,0.007,0.008,0.013,0.002,0,0.006,0.005,0.008,0.009,0.005,0.011,0.016,0.004,0,0.003,0,0.008,0.027,0.008,0.001,0.001,0.001,0,0.01,0.011,0,0.005,0,0.001,0.003,0.011,0.002,0.001,0.004,0.01,0.004,0.008,0.024
"Other professional, scientific and technical services          ",0,0,0.001,0,0,0,0,0.001,0.001,0.001,0,0.001,0,0.001,0,0,0.001,0.001,0.001,0,0,0,0,0.002,0.001,0.002,0.001,0.001,0.001,0.025,0.002,0,0.001,0,0.001,0,0.003,0.002,0.008,0,0,0.001,0.001,0.001,0.001,0,0,0.003,0.001,0.002,0,0,0,0.001,0.001,0.006,0.001,0.002,0.001,0.001,0.002,0.002,0.001,0.001,0.003,0.003,0.001,0.001,0,0.002,0.001,0.004,0.004,0.003,0.006,0.001,0.001,0,0.002,0.003,0,0.008,0.005,0.006,0,0.051,0.001,0.002,0.003,0,0,0.001,0.021,0.006,0.004,0,0.001,0.003,0.001,0.002,0,0.004,0.005,0.005,0,0.008,0,0.002,0,0.002,0.004,0.003,0.002,0.009,0.006,0.006,0,0.003,0,0.016,0.003,0,0.005,0.002,0,0.006,0.002,0.004,0.009
Veterinary services              ,0.008,0,0,0,0,0,0,0,0,0,0,0,0,0,0,0,0,0,0,0,0,0,0,0,0,0,0,0,0,0,0,0,0,0,0,0,0,0,0,0,0,0,0,0,0,0,0,0,0,0,0,0,0,0,0,0,0,0,0,0,0,0,0,0,0,0,0,0,0,0,0,0,0,0,0,0,0,0,0,0,0,0,0,0,0,0,0.029,0,0,0,0,0,0,0,0,0,0,0,0,0,0.006,0,0,0,0,0,0,0,0.001,0,0,0,0,0,0,0,0,0,0,0,0.083,0,0,0,0,0,0,0.008,0
Rental and leasing services            ,0.003,0.014,0.048,0.06,0.012,0.012,0.024,0.005,0.004,0.002,0.005,0.002,0.005,0.004,0.003,0.006,0.006,0.005,0.004,0.004,0.006,0.003,0.01,0.001,0.002,0.003,0.005,0.007,0.004,0.004,0.001,0.004,0.009,0.012,0.004,0.003,0.008,0.002,0.004,0.005,0.005,0.002,0.01,0.001,0.013,0.005,0.004,0.025,0.003,0.005,0.002,0.008,0.007,0,0.06,0.019,0.032,0.016,0.004,0.002,0.119,0.024,0.001,0.001,0.023,0.009,0.001,0.002,0.005,0.003,0.001,0.004,0.003,0.001,0.005,0.002,0.001,0,0.002,0.002,0.002,0.002,0.002,0.002,0.003,0.002,0.002,0.029,0.004,0.007,0.002,0.003,0.002,0.002,0.002,0.001,0.001,0.002,0.002,0.001,0.002,0.002,0.004,0.006,0,0.026,0,0.017,0.002,0.001,0.011,0.005,0.004,0,0.002,0.004,0,0,0,0.002,0.006,0.004,0.002,0.002,0.001,0.004,0.001,0.002,0.003
Employment services              ,0.001,0.001,0.004,0,0.006,0.002,0.017,0.026,0.021,0.005,0.008,0.004,0.013,0.008,0.004,0.003,0.007,0.001,0.005,0.001,0.002,0.002,0.005,0.003,0.002,0,0.005,0.004,0.009,0.004,0.007,0.003,0.007,0.001,0.004,0.002,0.003,0.002,0.042,0.004,0.005,0.003,0.02,0.002,0.026,0.005,0.002,0.007,0.001,0.08,0.004,0.006,0.008,0.008,0.023,0.009,0.005,0.001,0.016,0.007,0.005,0.011,0.005,0.006,0.015,0.01,0.007,0.007,0.03,0.015,0.004,0.03,0.021,0.016,0.017,0.007,0.004,0,0.007,0.01,0.004,0.038,0.015,0.015,0.017,0.012,0.008,0.011,0.156,0.005,0.014,0.009,0.012,0.008,0.003,0.005,0.019,0.014,0.008,0,0.131,0.003,0.023,0.006,0,0.004,0,0.01,0.003,0.004,0.01,0.014,0.018,0.026,0.012,0.015,0,0.005,0,0.028,0.024,0.014,0.003,0.016,0.025,0.026,0.006,0.163,0.005
"Travel agency, tour operator and other reservation services and related services     ",0.001,0,0.004,0,0,0.001,0,0.001,0.001,0,0.001,0.001,0.002,0.001,0.001,0.003,0,0.001,0.001,0.003,0.001,0.001,0.001,0,0,0,0,0,0,0,0,0,0,0,0,0,0,0,0.001,0.002,0.002,0.002,0,0.004,0,0.001,0.002,0,0.002,0.002,0.001,0.001,0,0.003,0,0,0.001,0.014,0.004,0.008,0.002,0.034,0.073,0.057,0.008,0.013,0.012,0.013,0,0.005,0.007,0.003,0.001,0.006,0,0.007,0.001,0,0.003,0.002,0.004,0.001,0,0.002,0,0,0,0.003,0.007,0.209,0,0,0,0.002,0.006,0.001,0,0.001,0.004,0.001,0,0,0,0,0,0,0,0.006,0.001,0,0,0,0,0,0,0,0,0,0,0,0,0,0.008,0.003,0,0.002,0,0,0
Security and investigation services            ,0,0,0,0,0,0,0,0,0,0,0,0,0,0,0,0,0,0,0,0,0,0,0,0,0,0,0,0,0,0,0,0,0,0,0,0,0,0,0,0,0,0,0,0,0,0,0,0,0,0,0,0,0,0.001,0,0,0.004,0.001,0.001,0.001,0.001,0.001,0.001,0,0.002,0.002,0.001,0.001,0,0.002,0.001,0.003,0.004,0.011,0,0.001,0,0,0,0.001,0,0,0,0.002,0,0.031,0,0.001,0,0.004,0.032,0.003,0,0.005,0,0,0,0.002,0.003,0.002,0.003,0,0.004,0.001,0,0.014,0,0.001,0.006,0.003,0.005,0.003,0.007,0.02,0.01,0.012,0,0,0,0.003,0,0.005,0,0,0,0.003,0.011,0.004,0.001
Services to buildings and landscape           ,0,0,0,0,0,0,0,0,0,0,0,0,0,0,0,0.004,0,0.001,0.001,0,0.001,0.001,0.001,0.001,0.002,0.002,0.001,0.001,0.001,0.002,0.001,0.001,0.001,0,0.001,0.001,0,0,0.001,0.001,0.001,0.001,0.001,0.001,0.001,0.001,0.001,0.001,0,0.001,0,0,0,0,0,0.006,0.003,0.003,0.005,0.004,0.002,0.003,0.002,0.006,0.005,0.002,0.005,0.005,0.001,0.008,0.001,0.012,0.01,0.006,0.009,0.003,0.008,0,0.009,0.003,0.002,0.02,0.005,0.004,0.003,0.013,0.003,0.004,0.003,0,0.027,0.168,0.001,0.006,0.003,0,0.002,0.02,0.011,0.004,0.009,0.002,0.009,0.003,0,0.019,0,0.004,0.001,0.003,0.008,0.007,0.006,0.057,0.021,0.029,0,0.01,0,0.005,0.007,0.275,0.003,0.001,0.002,0.035,0.038,0.012,0.005
"Office administrative, office support and other business support services       ",0,0,0.002,0,0.001,0.001,0.001,0,0.006,0.001,0.002,0.001,0,0.001,0.001,0.002,0.002,0.001,0.002,0,0,0,0.001,0.003,0.001,0.002,0.002,0,0.001,0.003,0.003,0.001,0.002,0.001,0.002,0.002,0,0,0.002,0.001,0,0.001,0.002,0.001,0.001,0.001,0.001,0.003,0.001,0.002,0.001,0,0,0.001,0.004,0.016,0.003,0.007,0.008,0.005,0.004,0.008,0.001,0.004,0.011,0.003,0.004,0.005,0.001,0.011,0.002,0.006,0.017,0.007,0.007,0.003,0.003,0,0.001,0.007,0.002,0.029,0.007,0.003,0.002,0.022,0.002,0.008,0.002,0.002,0.003,0.002,0.086,0.009,0.002,0.001,0.005,0.009,0.007,0.011,0.01,0.003,0.009,0.004,0,0.005,0,0.008,0.02,0.001,0.001,0.001,0.002,0.009,0.005,0.002,0,0.005,0,0.006,0.007,0.002,0.001,0.005,0.003,0.019,0.008,0.016,0.005
Public administration and defence services; compulsory social security services       ,0,0,0,0,0,0,0,0,0,0,0,0,0,0,0,0,0,0,0,0,0,0,0,0,0,0,0,0,0,0,0,0,0,0,0,0,0,0,0,0,0,0,0,0,0,0,0,0,0,0,0,0,0,0,0.001,0,0,0,0,0,0.001,0.002,0,0,0,0,0,0,0,0,0,0,0,0,0,0,0.002,0,0,0,0,0,0.004,0,0,0,0,0,0,0,0,0,0,0,0,0,0,0,0,0,0,0,0,0,0,0,0,0,0,0,0,0,0,0,0,0,0,0.005,0,0,0,0,0,0,0,0,0,0,0
Education services              ,0,0,0,0,0,0,0,0,0,0.001,0.001,0.001,0.001,0.002,0,0.001,0.003,0.001,0.001,0.002,0,0.001,0.001,0.001,0.001,0.001,0.002,0.003,0.002,0.003,0.002,0.001,0.001,0.001,0.001,0.001,0.001,0.001,0.001,0.001,0.001,0.001,0.001,0.002,0.001,0.001,0.001,0.001,0.001,0.001,0.001,0.001,0.001,0.004,0.008,0,0.001,0.001,0.002,0.001,0.003,0.001,0.001,0.004,0.005,0.01,0.002,0.002,0.001,0.003,0.005,0.005,0.001,0.009,0.008,0.002,0.002,0,0.001,0.02,0.012,0.004,0.008,0.013,0.008,0.002,0.003,0.001,0.004,0.002,0.002,0.003,0.001,0.044,0.032,0.006,0.006,0.002,0.002,0.002,0.004,0.002,0.004,0.005,0,0,0,0.004,0.006,0.033,0.101,0,0.012,0,0,0,0,0.003,0,0.01,0.009,0.004,0.045,0.021,0.005,0.004,0.002,0.006,0.004
Human health services             ,0,0,0.001,0,0,0,0.001,0,0.001,0,0,0,0,0,0,0,0,0,0,0,0,0,0,0,0,0,0,0.001,0,0,0,0,0,0,0,0.001,0,0,0,0,0,0,0,0,0,0,0,0,0,0,0,0,0,0,0,0,0,0,0,0,0,0,0,0,0,0,0,0,0,0,0,0,0,0,0.004,0,0,0,0,0,0,0,0,0,0,0,0.008,0,0,0,0,0.001,0,0.002,0,0.006,0.001,0,0,0,0,0,0,0.001,0,0.001,0,0,0.001,0.001,0,0.003,0,0,0,0,0,0,0,0,0.022,0.001,0,0.02,0.001,0,0,0,0
Residential Care  & Social Work Activities,0,0,0,0,0,0,0,0,0,0,0,0,0,0,0,0.001,0,0,0,0,0,0,0.003,0,0,0,0,0,0,0,0,0,0,0,0,0,0,0,0,0,0,0,0,0,0,0,0,0,0,0,0,0,0,0,0,0,0,0,0,0,0,0,0,0,0,0,0,0,0.008,0,0,0,0,0,0,0,0,0,0,0,0,0,0,0,0.002,0,0.027,0,0,0,0,0,0,0,0.001,0.007,0.03,0.002,0,0,0.004,0.001,0,0.001,0,0,0,0,0,0,0,0.005,0.165,0,0,0,0,0,0,0,0.079,0,0.001,0.024,0.024,0.004,0,0.004,0.002
"Creative, arts and entertainment services           ",0,0,0,0,0,0,0,0,0,0,0,0,0,0,0,0,0,0,0,0,0,0,0,0,0,0,0,0,0,0,0,0,0,0,0,0,0,0,0,0,0,0,0,0,0,0,0,0,0,0,0,0,0,0,0,0,0,0,0,0,0,0,0,0,0,0,0,0,0,0,0,0,0,0,0,0,0,0,0,0,0,0,0,0,0,0,0,0,0,0,0,0,0,0.002,0,0,0,0,0,0,0,0,0,0,0,0,0,0,0,0,0,0,0,0,0,0,0,0,0,0,0,0,0,0,0.002,0,0.001,0,0
"Libraries, archives, museums and other cultural services         ",0,0,0,0,0,0,0,0,0,0,0,0,0,0,0,0,0,0,0,0,0,0,0.001,0,0,0,0,0,0,0,0,0,0,0,0,0,0,0,0,0,0,0,0,0,0,0,0,0,0,0,0,0,0,0,0,0,0,0,0,0,0,0,0,0,0,0,0,0,0.006,0.006,0,0,0,0,0,0,0,0,0,0,0,0,0,0,0.002,0,0,0,0.001,0,0,0,0.001,0.002,0,0,0.001,0.001,0.014,0,0.006,0.001,0,0,0,0.001,0,0,0,0.001,0.001,0.001,0.001,0.034,0.02,0.025,0,0,0,0,0,0,0.001,0,0.001,0.003,0.083,0.01,0.002
Gambling and betting services            ,0,0,0,0,0,0,0,0,0,0,0,0,0,0,0,0,0,0,0,0,0,0,0,0,0,0,0,0,0,0,0,0,0,0,0,0,0,0,0,0,0,0,0,0,0,0,0,0,0,0,0,0,0,0,0,0,0,0,0,0,0,0,0,0,0,0,0.002,0,0,0,0,0,0.003,0.001,0,0,0,0,0,0,0,0,0,0,0,0,0,0,0,0,0,0,0,0,0,0,0,0,0,0.029,0,0.032,0,0,0,0,0,0,0,0,0,0,0,0,0,0,0,0,0,0,0,0,0,0,0,0,0,0.024,0.071
Sports services and amusement and recreation services         ,0,0.003,0,0,0.001,0,0.003,0,0,0.002,0,0,0,0,0,0,0,0,0,0,0,0,0,0,0,0,0,0,0,0,0,0,0.001,0,0,0,0,0,0,0,0,0,0,0,0.002,0,0,0,0,0,0,0,0,0,0,0,0,0,0,0,0,0,0,0,0,0,0,0,0,0,0,0,0,0,0.001,0,0,0,0,0,0,0,0,0,0,0,0,0,0,0.005,0,0.001,0,0.002,0,0,0,0,0,0,0,0.002,0,0,0,0.001,0,0,0.007,0,0,0,0.001,0,0.006,0.003,0,0,0,0.001,0,0.001,0,0,0,0,0,0,0.003
Services furnished by membership organisations           ,0,0.01,0,0,0,0,0,0,0,0,0,0,0.001,0,0,0.001,0,0,0.001,0,0,0,0.001,0.001,0,0,0.001,0.001,0,0,0.001,0,0,0,0,0,0,0,0,0,0,0,0,0,0,0,0,0.001,0,0,0,0,0,0,0,0,0,0,0,0,0,0,0,0.001,0.003,0.001,0.001,0.002,0,0.041,0.002,0.001,0.004,0.002,0.001,0.001,0,0,0,0,0.001,0,0.001,0.001,0.008,0.004,0,0,0.007,0.001,0.004,0.004,0.002,0.002,0.001,0,0.011,0.031,0.018,0.028,0.065,0.035,0.001,0.001,0,0,0,0.002,0.024,0.001,0,0,0,0,0,0.006,0,0,0,0,0,0.006,0.002,0.001,0.009,0.054,0.031,0.084,0.081
Repair services of computers and personal and household goods       ,0,0,0,0,0,0,0,0,0,0,0,0,0,0,0,0,0,0,0,0,0,0,0,0,0,0,0,0,0,0,0,0,0,0,0,0,0,0,0.001,0,0,0,0,0,0,0,0,0,0,0.001,0,0,0,0,0,0,0,0,0,0,0,0.001,0,0.002,0,0,0,0,0,0.001,0,0,0,0.001,0,0,0,0,0,0,0,0,0,0.001,0,0,0,0,0,0,0,0,0,0.01,0.001,0,0,0,0,0,0,0,0.007,0,0,0.002,0,0,0,0.005,0.001,0.003,0.003,0,0.003,0.005,0,0,0,0,0,0,0.002,0.001,0,0,0,0,0
Other personal services             ,0,0.004,0.012,0,0,0,0.001,0,0,0,0,0,0,0,0,0.001,0,0,0,0,0,0,0.001,0,0,0,0,0,0,0,0,0,0,0,0,0.001,0,0,0.001,0,0,0,0,0.001,0.001,0,0.001,0,0,0,0,0,0,0,0.003,0.006,0,0,0,0.001,0.001,0,0.003,0.006,0.001,0.007,0.002,0.004,0.001,0.004,0.002,0.001,0.001,0.003,0,0,0,0,0.001,0,0.002,0.001,0.002,0.001,0.004,0.002,0.002,0.007,0.003,0,0.002,0.001,0,0.004,0.001,0.001,0.012,0.002,0.002,0.001,0.003,0,0,0.013,0,0,0,0.001,0.006,0.003,0,0.003,0,0,0,0,0,0,0,0,0.007,0.002,0.002,0.004,0.009,0.004,0.002,0.004,0
Services of households as employers of domestic personnel        ,0,0,0,0,0,0,0,0,0,0,0,0,0,0,0,0,0,0,0,0,0,0,0,0,0,0,0,0,0,0,0,0,0,0,0,0,0,0,0,0,0,0,0,0,0,0,0,0,0,0,0,0,0,0,0,0,0,0,0,0,0,0,0,0,0,0,0,0,0,0,0,0,0,0,0,0,0,0,0,0,0,0,0,0,0,0,0,0,0,0,0,0,0,0,0,0,0,0,0,0,0,0,0,0,0,0,0,0,0,0,0,0,0,0,0,0,0,0,0,0,0,0,0,0,0,0,0,0,0
"Waste collection, treatment and disposal services; materials recovery services non-market",0,0,0.001,0,0,0,0,0.001,0,0,0,0,0,0,0,0,0,0,0.001,0,0,0,0,0,0,0,0.001,0,0,0,0,0,0,0,0.002,0,0,0,0,0,0,0,0,0,0,0,0,0,0,0,0,0,0,0.009,0.008,0,0,0,0,0,0,0,0,0,0,0,0,0,0,0,0,0,0,0,0,0,0,0,0,0,0,0,0,0,0,0,0,0,0,0,0,0.001,0,0.003,0,0.002,0,0,0,0,0.001,0,0,0,0,0.049,0,0,0,0.001,0,0,0,0,0,0,0,0,0,0,0.001,0.002,0,0.006,0,0,0,0.002,0
"Land transport services and transport services via pipelines, excluding rail transport non-market",0,0,0,0,0,0,0,0,0,0,0,0,0,0,0,0,0,0,0,0,0,0,0,0,0,0,0,0,0,0,0,0,0,0,0,0,0,0,0,0,0,0,0,0,0,0,0,0,0,0,0,0,0,0,0,0,0,0,0,0,0,0,0,0,0,0,0,0,0,0,0,0,0,0,0,0,0,0,0,0,0,0,0,0,0,0,0,0,0,0,0,0,0,0,0,0,0,0,0,0,0,0,0,0,0,0,0,0,0,0,0,0,0,0,0,0,0,0,0,0,0,0,0,0,0,0,0,0,0
Warehousing and support services for transportation non-market,0,0,0,0,0,0,0,0,0,0.001,0,0,0,0,0,0,0,0,0.001,0,0,0,0,0,0,0,0,0,0,0.001,0,0,0,0,0,0,0,0,0,0,0,0,0,0,0,0,0,0,0,0,0,0,0,0,0,0,0,0.001,0.006,0.001,0.018,0.002,0.006,0.001,0.022,0.002,0,0,0,0,0.001,0.001,0,0.001,0.001,0,0,0,0.001,0,0,0,0,0,0,0,0,0.001,0.001,0,0,0.001,0.001,0,0.001,0,0,0,0,0,0,0,0,0,0,0,0,0.015,0,0,0,0,0,0,0,0,0,0,0,0,0,0.002,0.001,0,0,0,0,0,0
"Motion Picture, Video & TV Programme Production, Sound Recording & Music Publishing Activities & Programming And Broadcasting Activities non-market",0,0,0,0,0,0,0,0,0,0,0,0,0,0,0,0,0,0,0,0,0,0,0,0,0,0,0,0,0,0,0,0,0,0,0,0,0,0,0,0,0,0,0,0,0,0,0,0,0,0,0,0,0,0,0,0,0,0,0,0,0,0,0,0,0,0,0,0,0,0,0,0,0,0,0,0,0,0,0,0,0,0,0,0,0,0,0,0,0,0,0,0,0,0,0,0,0,0,0,0,0,0,0,0,0,0,0,0,0,0,0,0,0,0,0,0,0,0,0,0,0,0,0,0,0,0,0,0,0
Public administration and defence services; compulsory social security services non-market,0.001,0.003,0,0.004,0,0.001,0,0,0.001,0.001,0,0.003,0.001,0.001,0.001,0.004,0.002,0.002,0.001,0.005,0.001,0.001,0.001,0.001,0.001,0.001,0.002,0.004,0.002,0.003,0.005,0.001,0.001,0,0.002,0.002,0.002,0.001,0.001,0.001,0.001,0.001,0.001,0.001,0.002,0.002,0.002,0.002,0.001,0.001,0,0,0.003,0,0.009,0,0.005,0,0.001,0.002,0.013,0.03,0.001,0.004,0.001,0.005,0.001,0.001,0.001,0.001,0,0,0.001,0.001,0.001,0,0.032,0,0,0,0,0.003,0.058,0.004,0,0.005,0.001,0.001,0.003,0,0.002,0.002,0.001,0.003,0,0.001,0,0.001,0.002,0.001,0.002,0,0.001,0.001,0,0,0,0,0,0.002,0,0,0,0,0,0,0,0.057,0,0.001,0.002,0.002,0,0.005,0,0.002,0.002,0.002,0
Education services non-market,0,0,0,0,0,0,0,0,0,0,0,0,0,0,0,0,0,0,0,0,0,0,0,0,0,0,0,0,0,0,0,0,0,0,0,0,0,0,0,0,0,0,0,0,0,0,0,0,0,0,0,0,0,0,0.001,0,0,0,0,0,0,0,0,0,0.001,0.001,0,0,0,0,0.001,0.001,0,0.001,0.001,0,0,0,0,0.002,0.001,0,0.001,0.001,0.001,0,0,0,0,0,0,0,0,0.005,0.003,0.001,0.001,0,0,0,0,0,0,0.001,0,0,0,0,0.001,0.004,0.011,0,0.001,0,0,0,0,0,0,0.001,0.001,0.001,0.005,0.002,0.001,0,0,0,0
Human health services non-market,0,0,0,0,0,0,0,0,0,0,0,0,0,0,0,0,0,0,0,0,0,0,0,0,0,0,0,0,0,0,0,0,0,0,0,0,0,0,0,0,0,0,0,0,0,0,0,0,0,0,0,0,0,0,0,0,0,0,0,0,0,0,0,0,0,0,0,0,0,0,0,0,0,0,0,0,0,0,0,0,0,0,0,0,0,0,0,0,0,0,0,0,0,0,0,0,0,0,0,0,0,0,0,0,0,0,0,0,0,0,0,0,0,0,0,0,0,0,0,0,0,0,0,0,0,0,0,0,0
Residential Care & Social Work Activities non-market,0,0,0,0,0,0,0,0,0,0,0,0,0,0,0,0,0,0,0,0,0,0,0.002,0,0,0,0,0,0,0,0,0,0,0,0,0,0,0,0,0,0,0,0,0,0,0,0,0,0,0,0,0,0,0,0,0,0,0,0,0,0,0,0,0,0,0,0,0,0.005,0,0,0,0,0,0,0,0,0,0,0,0,0,0,0,0.001,0,0.016,0,0,0,0,0,0,0,0.001,0.004,0.019,0.001,0,0,0.002,0.001,0,0.001,0,0,0,0,0,0,0,0.003,0.101,0,0,0,0,0,0,0,0.048,0,0.001,0.015,0.015,0.003,0,0.004,0.001
"Creative, arts and entertainment services non-market",0,0,0,0,0,0,0,0,0,0,0,0,0,0,0,0,0,0,0,0,0,0,0,0,0,0,0,0,0,0,0,0,0,0,0,0,0,0,0,0,0,0,0,0,0,0,0,0,0,0,0,0,0,0,0,0,0,0,0,0,0,0,0,0,0,0,0,0,0,0,0,0,0,0,0,0,0,0,0,0,0,0,0,0,0,0,0,0,0,0,0,0,0,0,0,0,0,0,0,0,0,0,0,0,0,0,0,0,0,0,0,0,0,0,0,0,0,0,0,0,0,0,0,0,0,0,0,0,0
"Libraries, archives, museums and other cultural services non-market",0,0,0,0,0,0,0,0,0,0,0,0,0,0,0,0,0,0,0,0,0,0,0,0,0,0,0,0,0,0,0,0,0,0,0,0,0,0,0,0,0,0,0,0,0,0,0,0,0,0,0,0,0,0,0,0,0,0,0,0,0,0,0,0,0,0,0,0,0,0,0,0,0,0,0,0,0,0,0,0,0,0,0,0,0,0,0,0,0,0,0,0,0,0,0,0,0,0,0,0,0,0,0,0,0,0,0,0,0,0,0,0,0,0,0,0,0,0,0,0,0,0,0,0,0,0,0,0,0
Sports services and amusement and recreation services non-market,0,0,0,0,0,0,0,0,0,0,0,0,0,0,0,0,0,0,0,0,0,0,0,0,0,0,0,0,0,0,0,0,0,0,0,0,0,0,0,0,0,0,0,0,0,0,0,0,0,0,0,0,0,0,0,0,0,0,0,0,0,0,0,0,0,0,0,0,0,0,0,0,0,0,0,0,0,0,0,0,0,0,0,0,0,0,0,0,0,0,0,0,0,0,0,0,0,0,0,0,0,0,0,0,0,0,0,0,0,0,0,0,0,0,0,0,0,0,0,0,0,0,0,0,0,0,0,0,0
Financial Services NPISH,0,0,0,0,0,0,0,0,0,0,0,0,0,0,0,0,0,0,0,0,0,0,0,0,0,0,0,0,0,0,0,0,0,0,0,0,0,0,0,0,0,0,0,0,0,0,0,0,0,0,0,0,0,0,0,0,0,0,0,0,0,0,0,0,0,0,0,0,0,0,0,0,0,0,0,0,0,0,0,0,0,0,0,0,0,0,0,0,0,0,0,0,0,0,0,0,0,0,0,0,0,0,0,0,0,0,0,0,0,0,0,0,0,0,0,0,0,0,0,0,0,0,0,0,0,0,0,0,0
Real Estate services NPISH,0,0,0,0,0,0,0,0,0,0,0,0,0,0,0,0,0,0,0,0,0,0,0,0,0,0,0,0,0,0,0,0,0,0,0,0,0,0,0,0,0,0,0,0,0,0,0,0,0,0,0,0,0,0,0,0,0,0,0,0,0,0,0,0,0,0,0,0,0,0,0,0,0,0,0,0,0,0,0,0,0,0,0,0,0,0,0,0,0,0,0,0,0,0,0,0,0,0,0,0,0,0,0,0,0,0,0,0,0,0,0,0,0,0,0,0,0,0,0,0,0,0,0,0,0,0,0,0,0
Legal services NPISH,0,0,0,0,0,0,0,0,0,0,0,0,0,0,0,0,0,0,0,0,0,0,0,0,0,0,0,0,0,0,0,0,0,0,0,0,0,0,0,0,0,0,0,0,0,0,0,0,0,0,0,0,0,0,0,0,0,0,0,0,0,0,0,0,0,0,0,0,0,0,0,0,0,0,0,0,0,0,0,0,0,0,0,0,0,0,0,0,0,0,0,0,0,0,0,0,0,0,0,0,0,0,0,0,0,0,0,0,0,0,0,0,0,0,0,0,0,0,0,0,0,0,0,0,0,0,0,0,0
Scientific research and development services NPISH,0,0,0,0,0,0,0,0,0,0,0,0,0,0,0,0,0,0,0,0,0,0,0,0,0,0,0,0,0,0,0,0,0,0,0,0,0,0,0,0,0,0,0,0,0,0,0,0,0,0,0,0,0,0,0,0,0,0,0,0,0,0,0,0,0,0,0,0,0,0,0,0,0,0,0,0,0,0,0,0,0,0,0,0.001,0,0,0,0,0,0,0,0,0,0,0,0,0,0,0,0,0,0,0,0,0,0,0,0,0,0,0,0,0,0,0,0,0,0,0,0.003,0,0,0,0,0,0,0,0,0
Veterinary services NPISH,0,0,0,0,0,0,0,0,0,0,0,0,0,0,0,0,0,0,0,0,0,0,0,0,0,0,0,0,0,0,0,0,0,0,0,0,0,0,0,0,0,0,0,0,0,0,0,0,0,0,0,0,0,0,0,0,0,0,0,0,0,0,0,0,0,0,0,0,0,0,0,0,0,0,0,0,0,0,0,0,0,0,0,0,0,0,0,0,0,0,0,0,0,0,0,0,0,0,0,0,0,0,0,0,0,0,0,0,0,0,0,0,0,0,0,0,0,0,0,0,0,0,0,0,0,0,0,0,0
Services to buildings and landscape NPISH,0,0,0,0,0,0,0,0,0,0,0,0,0,0,0,0,0,0,0,0,0,0,0,0,0,0,0,0,0,0,0,0,0,0,0,0,0,0,0,0,0,0,0,0,0,0,0,0,0,0,0,0,0,0,0,0,0,0,0,0,0,0,0,0,0,0,0,0,0,0,0,0,0,0,0,0,0,0,0,0,0,0,0,0,0,0,0,0,0,0,0,0.001,0,0,0,0,0,0,0,0,0,0,0,0,0,0,0,0,0,0,0,0,0,0,0,0,0,0,0,0,0,0.007,0,0,0,0,0,0,0
Education services NPISH,0,0,0,0,0,0,0,0,0,0,0,0,0,0,0,0,0,0,0,0,0,0,0,0,0,0,0,0,0,0,0,0,0,0,0,0,0,0,0,0,0,0,0,0,0,0,0,0,0,0,0,0,0,0,0,0,0,0,0,0,0,0,0,0,0,0,0,0,0,0,0,0,0,0,0,0,0,0,0,0,0,0,0,0,0,0,0,0,0,0,0,0,0,0,0,0,0,0,0,0,0,0,0,0,0,0,0,0,0,0,0,0,0,0,0,0,0,0,0,0,0,0,0,0,0,0,0,0,0
Human health services NPISH,0,0,0,0,0,0,0,0,0,0,0,0,0,0,0,0,0,0,0,0,0,0,0,0,0,0,0,0,0,0,0,0,0,0,0,0,0,0,0,0,0,0,0,0,0,0,0,0,0,0,0,0,0,0,0,0,0,0,0,0,0,0,0,0,0,0,0,0,0,0,0,0,0,0,0,0,0,0,0,0,0,0,0,0,0,0,0,0,0,0,0,0,0,0,0,0,0,0,0,0,0,0,0,0,0,0,0,0,0,0,0,0,0,0,0,0,0,0,0,0,0,0,0,0,0,0,0,0,0
Residential Care & Social Work Activities NPISH,0,0,0,0,0,0,0,0,0,0,0,0,0,0,0,0,0,0,0,0,0,0,0,0,0,0,0,0,0,0,0,0,0,0,0,0,0,0,0,0,0,0,0,0,0,0,0,0,0,0,0,0,0,0,0,0,0,0,0,0,0,0,0,0,0,0,0,0,0,0,0,0,0,0,0,0,0,0,0,0,0,0,0,0,0,0,0,0,0,0,0,0,0,0,0,0,0,0,0,0,0,0,0,0,0,0,0,0,0,0,0,0,0,0,0,0,0,0,0,0,0,0,0,0,0,0,0,0,0
"Creative, arts and entertainment services NPISH",0,0,0,0,0,0,0,0,0,0,0,0,0,0,0,0,0,0,0,0,0,0,0,0,0,0,0,0,0,0,0,0,0,0,0,0,0,0,0,0,0,0,0,0,0,0,0,0,0,0,0,0,0,0,0,0,0,0,0,0,0,0,0,0,0,0,0,0,0,0,0,0,0,0,0,0,0,0,0,0,0,0,0,0,0,0,0,0,0,0,0,0,0,0,0,0,0,0,0,0,0,0,0,0,0,0,0,0,0,0,0,0,0,0,0,0,0,0,0,0,0,0,0,0,0,0,0,0,0
"Libraries, archives, museums and other cultural services NPISH",0,0,0,0,0,0,0,0,0,0,0,0,0,0,0,0,0,0,0,0,0,0,0,0,0,0,0,0,0,0,0,0,0,0,0,0,0,0,0,0,0,0,0,0,0,0,0,0,0,0,0,0,0,0,0,0,0,0,0,0,0,0,0,0,0,0,0,0,0,0,0,0,0,0,0,0,0,0,0,0,0,0,0,0,0,0,0,0,0,0,0,0,0,0,0,0,0,0,0,0,0,0,0,0,0,0,0,0,0,0,0,0,0,0,0,0,0,0,0,0,0,0,0,0,0,0,0,0,0
Sports services and amusement and recreation services NPISH,0,0,0,0,0,0,0,0,0,0,0,0,0,0,0,0,0,0,0,0,0,0,0,0,0,0,0,0,0,0,0,0,0,0,0,0,0,0,0,0,0,0,0,0,0,0,0,0,0,0,0,0,0,0,0,0,0,0,0,0,0,0,0,0,0,0,0,0,0,0,0,0,0,0,0,0,0,0,0,0,0,0,0,0,0,0,0,0,0,0,0,0,0,0,0,0,0,0,0,0,0,0,0,0,0,0,0,0,0,0,0,0,0,0,0,0,0,0,0,0,0,0,0,0,0,0,0,0,0
Services furnished by membership organisations NPISH,0,0.001,0,0,0,0,0,0,0,0,0,0,0,0,0,0,0,0,0,0,0,0,0,0,0,0,0,0,0,0,0,0,0,0,0,0,0,0,0,0,0,0,0,0,0,0,0,0,0,0,0,0,0,0,0,0,0,0,0,0,0,0,0,0,0,0,0,0,0,0.006,0,0,0.001,0,0,0,0,0,0,0,0,0,0,0,0.001,0.001,0,0,0.001,0,0.001,0.001,0,0,0,0,0.001,0.004,0.002,0.004,0.009,0.005,0,0,0,0,0,0,0.003,0,0,0,0,0,0,0.001,0,0,0,0,0,0.001,0,0,0.001,0.008,0.004,0.012,0.012
Total Consumption,0.456,0.515,0.535,0.591,0.365,0.4,0.34,0.709,0.581,0.414,0.707,0.62,0.505,0.483,0.577,0.468,0.685,0.234,0.36,0.325,0.409,0.314,0.429,0.201,0.367,0.418,0.401,0.313,0.44,0.322,0.211,0.283,0.431,0.547,0.427,0.293,0.317,0.286,0.324,0.34,0.392,0.376,0.51,0.413,0.412,0.383,0.325,0.508,0.498,0.387,0.644,0.549,0.29,0.351,0.502,0.342,0.522,0.354,0.452,0.37,0.552,0.394,0.512,0.322,0.545,0.35,0.335,0.34,0.4,0.375,0.256,0.275,0.289,0.365,0.553,0.308,0.337,0.136,0.233,0.251,0.177,0.34,0.388,0.313,0.352,0.336,0.201,0.349,0.436,0.347,0.314,0.415,0.299,0.52,0.132,0.098,0.275,0.264,0.311,0.213,0.402,0.166,0.3,0.19,0,0.508,0.705,0.372,0.35,0.308,0.247,0.226,0.469,0.426,0.294,0.43,0,0.53,0.027,0.376,0.579,0.668,0.178,0.335,0.24,0.498,0.322,0.527,0.339
Imports of goods and services,0.123,0.053,0.116,0.137,0.046,0.102,0.067,0.088,0.086,0.302,0.095,0.152,0.08,0.135,0.235,0.1,0.055,0.307,0.132,0.189,0.217,0.34,0.164,0.58,0.275,0.325,0.265,0.267,0.129,0.376,0.245,0.29,0.201,0.144,0.301,0.466,0.197,0.184,0.265,0.269,0.268,0.363,0.12,0.249,0.156,0.118,0.165,0.131,0.141,0.209,0.105,0.146,0.032,0.046,0.064,0.041,0.052,0.1,0.096,0.05,0.034,0.075,0.109,0.192,0.053,0.088,0.106,0.099,0.055,0.08,0.181,0.095,0.083,0.096,0.095,0.049,0.021,0.013,0.024,0.025,0.033,0.08,0.054,0.109,0.058,0.098,0.033,0.048,0.051,0.032,0.073,0.064,0.139,0.075,0.018,0.015,0.105,0.106,0.054,0.107,0.119,0.019,0.096,0.065,0,0.143,0.013,0.038,0.122,0.078,0.036,0.127,0.03,0.156,0.073,0.129,0,0.003,0.014,0.052,0.097,0.105,0.024,0.045,0.161,0.174,0.041,0.098,0.057
Taxes less subsidies on products,0.021,-0.008,0.067,0.066,0.004,0.017,0.006,0,0.002,0.003,0.001,0.001,0.009,0.005,0.009,0.013,0.005,0.002,0.007,0.003,0.005,0.006,0.003,0.065,0.026,0.019,0.018,0.006,0.004,0.012,0.002,0.007,0.01,0.017,0.039,0.009,0.005,0.003,0.004,0.005,0.007,0.003,0.006,0.005,0.005,0.008,0.005,0.007,0.005,0.004,0.013,0.01,0.009,0.012,0.007,0.082,0.031,0.006,0.01,0.009,0.013,0.028,0.014,0.061,0.002,0.054,0.049,0.041,0.001,0.003,0.005,0.006,0.01,0.039,0.037,0.027,0.01,0.003,0.001,0.002,0.003,0.002,0.005,0.01,0.003,0.004,0.001,0.008,0.005,0.004,0.004,0.005,0.021,0.007,0.021,0.02,0.019,0.01,0.005,0.042,0.014,0.012,0.004,0.029,0,0.132,-0.018,0.003,0.002,0.066,0.041,0.072,0.098,0.131,0.083,0.132,0,0.008,0,0.005,0.003,0.006,0.025,0.074,0.025,0.004,0.002,0.018,0.065
Taxes less subsidies on production,-0.073,0.001,0.007,0.002,0.003,0.008,0.006,0.001,0.002,-0.004,0.001,0,0.004,0.004,0,0.006,0,0.005,0.002,-0.003,0.007,0.006,0.008,0.004,0.005,0.003,-0.002,-0.001,0.002,0.001,0.001,0.006,0.009,0.008,0.009,0.002,0.009,-0.001,0.005,0.004,0.006,0.002,0.001,0.001,-0.001,0.008,0.005,-0.005,0,0.006,0.016,0.017,0.078,0.021,0.015,0.066,0.006,0.016,0.012,0.045,0.013,0.011,0.005,0,0.024,0.01,0.033,0.026,0.003,-0.012,0.009,0.005,0.002,0.016,0.007,0.009,-0.002,0,0.038,0.013,0.006,0.011,0.007,0.005,0.007,0.006,-0.008,0.011,0.004,0.008,0.005,0.004,0.011,0,0.008,0.005,0.009,0.005,0.016,0.014,0.046,0.015,0.007,0.013,0,0,0,0,0,0,0,0,0,0,0,0,0,0,0,0,0,0,0,0,0,0,0,0,0
Compensation of employees,0.179,0.156,0.081,0.241,0.147,0.31,0.152,0.181,0.259,0.142,0.094,0.165,0.332,0.26,0.101,0.179,0.127,0.328,0.277,0.269,0.204,0.248,0.283,0.113,0.136,0.115,0.196,0.263,0.199,0.204,0.194,0.296,0.246,0.199,0.142,0.124,0.378,0.234,0.305,0.273,0.252,0.174,0.289,0.197,0.234,0.263,0.273,0.265,0.253,0.268,0.059,0.104,0.195,0.243,0.199,0.443,0.203,0.36,0.305,0.348,0.341,0.305,0.237,0.195,0.307,0.385,0.319,0.353,0.34,0.237,0.279,0.426,0.386,0.285,0.096,0.47,0.107,0,0.405,0.288,0.438,0.374,0.373,0.356,0.322,0.354,0.48,0.319,0.322,0.372,0.338,0.304,0.349,0.399,0.7,0.261,0.395,0.171,0.329,0.231,0.199,0.476,0.458,0.2,0.995,0.189,0.284,0.367,0.498,0.399,0.628,0.547,0.392,0.207,0.497,0.228,0.3,0.444,0.863,0.335,0.293,0.191,0.496,0.545,0.571,0.324,0.635,0.357,0.508
Gross operating surplus,0.294,0.283,0.194,-0.037,0.435,0.162,0.43,0.02,0.07,0.143,0.102,0.061,0.07,0.113,0.079,0.235,0.128,0.124,0.223,0.217,0.157,0.086,0.113,0.037,0.19,0.118,0.122,0.152,0.225,0.084,0.348,0.117,0.103,0.086,0.082,0.107,0.094,0.294,0.098,0.109,0.075,0.082,0.074,0.135,0.195,0.22,0.228,0.094,0.103,0.126,0.162,0.174,0.395,0.327,0.213,0.025,0.186,0.164,0.124,0.179,0.047,0.187,0.122,0.229,0.068,0.113,0.157,0.142,0.199,0.317,0.27,0.193,0.231,0.2,0.212,0.136,0.528,0.847,0.299,0.421,0.343,0.192,0.173,0.207,0.258,0.202,0.292,0.266,0.182,0.237,0.266,0.208,0.181,0,0.122,0.601,0.198,0.445,0.286,0.394,0.221,0.312,0.135,0.503,0.005,0.028,0.016,0.221,0.028,0.149,0.047,0.027,0.012,0.08,0.052,0.081,0.7,0.016,0.096,0.232,0.027,0.03,0.277,0.001,0.002,0,0.002,0,0.031
Total Output,1,1,1,1,1,1,1,1,1,1,1,1,1,1,1,1,1,1,1,1,1,1,1,1,1,1,1,1,1,1,1,1,1,1,1,1,1,1,1,1,1,1,1,1,1,1,1,1,1,1,1,1,1,1,1,1,1,1,1,1,1,1,1,1,1,1,1,1,1,1,1,1,1,1,1,1,1,1,1,1,1,1,1,1,1,1,1,1,1,1,1,1,1,1,1,1,1,1,1,1,1,1,1,1,1,1,1,1,1,1,1,1,1,1,1,1,1,1,1,1,1,1,1,1,1,1,1,1,1
