Product,"Crop And Animal Production, Hunting And Related Service Activities ",Forestry And Logging ,Fishing And Aquaculture ,Mining Of Coal And Lignite ,Extraction Of Crude Petroleum And Natural Gas & Mining Of Metal Ores,Other Mining And Quarrying ,Mining Support Service Activities ,Processing and preserving of meat and production of meat products,"Processing and preserving of fish, crustaceans, molluscs, fruit and vegetables",Manufacture of vegetable and animal oils and fats,Manufacture of dairy products,"Manufacture of grain mill products, starches and starch products",Manufacture of bakery and farinaceous products,Manufacture of other food products,Manufacture of prepared animal feeds,Manufacture of alcoholic beverages & Tobacco Products,Manufacture of soft drinks; production of mineral waters and other bottled waters,Manufacture Of Textiles ,Manufacture Of Wearing Apparel ,Manufacture Of Leather And Related Products ,"Manufacture Of Wood & Products Of Wood & Cork, Except Furniture; Manuf. Of Articles Of Straw",Manufacture Of Paper And Paper Products ,Printing And Reproduction Of Recorded Media ,Manufacture Of Coke And Refined Petroleum Products ,"Manufacture of industrial gases, inorganics and fertilisers (inorganic chemicals) - 20.11/13/15",Manufacture of petrochemicals - 20.14/16/17/60,"Manufacture of dyestuffs, agro-chemicals - 20.12/20","Manufacture of paints, varnishes and similar coatings, printing ink and mastics","Manufacture of soap & detergents, cleaning & polishing, perfumes & toilet preparations",Manufacture of other chemical products,Manufacture Of Basic Pharmaceutical Products And Pharmaceutical Preparations,Manufacture Of Rubber And Plastic Products ,"Manufacture of glass, refractory, clay, porcelain, ceramic, stone products - 23.1-4/7-9","Manufacture of cement, lime, plaster and articles of concrete, cement and plaster",Manufacture of basic iron and steel,Manufacture of other basic metals and casting,"Manufacture of fabricated metal products, excluding weapons & ammunition - 25.1-3/5-9",Manufacture of weapons and ammunition,"Manufacture Of Computer, Electronic And Optical Products ",Manufacture Of Electrical Equipment ,Manufacture Of Machinery And Equipment N.E.C. ,"Manufacture Of Motor Vehicles, Trailers And Semi-Trailers ",Building of ships and boats,Manufacture of air and spacecraft and related machinery,Manufacture of other transport equipment - 30.2/4/9,Manufacture Of Furniture ,Other Manufacturing ,Repair and maintenance of ships and boats,Repair and maintenance of aircraft and spacecraft,Rest of repair; Installation - 33.11-14/17/19/20,"Electric power generation, transmission and distribution",Manufacture of gas; distribution of gaseous fuels through mains; steam and aircon supply,"Water Collection, Treatment And Supply ",Sewerage ,"Waste Collection, Treatment And Disposal Activities; Materials Recovery ",Remediation Activities And Other Waste Management Services ,Construction,Wholesale And Retail Trade And Repair Of Motor Vehicles And Motorcycles ,"Wholesale Trade, Except Of Motor Vehicles And Motorcycles ","Retail Trade, Except Of Motor Vehicles And Motorcycles ",Rail transport,"Land transport services and transport services via pipelines, excluding rail transport",Water Transport ,Air Transport ,Warehousing And Support Activities For Transportation ,Postal And Courier Activities ,Accommodation ,Food And Beverage Service Activities ,Publishing Activities ,"Motion Picture, Video & TV Programme Production, Sound Recording & Music Publishing Activities & Programming And Broadcasting Activities",Telecommunications ,"Computer Programming, Consultancy And Related Activities ",Information Service Activities ,"Financial Service Activities, Except Insurance And Pension Funding ","Insurance, reinsurance and pension funding services, except compulsory social security",Activities Auxiliary To Financial Services And Insurance Activities ,"Buying and selling, renting and operating of own or leased real estate, excluding imputed rent",Owner-Occupiers' Housing,Real estate services on a fee or contract basis ,Legal activities ,"Accounting, bookkeeping and auditing activities; tax consultancy ",Activities Of Head Offices; Management Consultancy Activities ,Architectural And Engineering Activities; Technical Testing And Analysis ,Scientific Research And Development ,Advertising And Market Research ,"Other Professional, Scientific And Technical Activities ",Veterinary Activities ,Rental And Leasing Activities ,Employment Activities ,"Travel Agency, Tour Operator And Other Reservation Service And Related Activities ",Security And Investigation Activities ,Services To Buildings And Landscape Activities ,"Office Administrative, Office Support And Other Business Support Activities ",Public Administration And Defence; Compulsory Social Security ,Education ,Human Health Activities,Residential Care & Social Work Activities,"Creative, Arts And Entertainment Activities ","Libraries, Archives, Museums And Other Cultural Activities ",Gambling And Betting Activities ,Sports Activities And Amusement And Recreation Activities ,Activities Of Membership Organisations ,Repair Of Computers And Personal And Household Goods ,Other Personal Service Activities ,Activities Of Households As Employers Of Domestic Personnel ,"Waste Collection, Treatment And Disposal Activities; Materials Recovery non-market","Land transport services and transport services via pipelines, excluding rail transport non-market",Warehousing And Support Activities For Transportation non-market,"Motion Picture, Video & TV Programme Production, Sound Recording & Music Publishing Activities & Programming And Broadcasting Activities non-market",Public Administration And Defence; Compulsory Social Security non-market,Education non-market,Human Health Activities non-market,Residential Care & Social Work Activities non-market,"Creative, Arts And Entertainment Activities non-market","Libraries, Archives, Museums And Other Cultural Activities non-market",Sports Activities And Amusement And Recreation Activities non-market,Financial Services NPISH,Real Estate services NPISH,Legal services NPISH,Scientific Research And Development NPISH,Veterinary Activities NPISH,Services To Buildings And Landscape Activities NPISH,Education NPISH,Human Health Activities NPISH,Residential Care & Social Work Activities NPISH,"Creative, Arts And Entertainment Activities NPISH","Libraries, archives, museums and other cultural services NPISH",Sports Activities And Amusement And Recreation Activities NPISH,Activities Of Membership Organisations NPISH,Total Intermediate Demand,Households,PublicSector,Non-Profit Institutions Serving Households,Central Government,Local Authorities,Gross Fixed Capital Formation,Valuables,Changes in Inventories,Exports of Goods - EU,Exports of Goods - Non EU,Exports of Services - EU,Exports of Services - Non EU,Total Exports,Total Demand for Products at Basic Prices
"Crop And Animal Production, Hunting And Related Service Activities ",2203,10,0,0,0,0,0,3147,803,139,2595,650,205,541,566,67,63,0,0,5,1,0,0,0,1,2,0,0,44,7,49,7,0,0,0,0,0,0,0,0,0,0,0,0,0,0,0,0,0,1,7,1,0,0,0,0,127,11,235,93,0,19,3,0,0,0,243,528,0,7,1,14,0,0,0,0,27,0,0,1,1,0,5,24,0,1,0,43,4,0,0,0,2,0,20,5,0,1,2,2,1,1,0,0,0,0,0,0,0,0,0,15,34,0,0,0,0,0,0,0,0,0,17,5,0,1,0,0,4,12611,7114,0,0,0,0,1481,0,142,1529,497,73,74,2173,23521
Forestry And Logging ,2,282,0,3,0,0,0,0,0,0,0,0,0,0,0,0,0,0,0,0,227,0,0,0,0,1,0,0,0,4,0,0,0,0,0,0,0,0,0,0,0,0,0,0,0,4,3,0,0,0,0,0,0,0,0,0,239,0,20,0,0,1,0,0,0,0,37,9,0,0,0,8,0,0,0,0,0,0,0,0,0,0,0,0,0,0,0,6,0,0,0,0,0,0,0,0,0,0,0,0,31,0,0,0,0,0,0,0,0,0,0,0,0,0,0,0,0,0,0,0,0,0,0,0,0,0,0,0,0,876,141,0,0,0,0,0,0,2,33,17,0,0,50,1069
Fishing And Aquaculture ,0,0,40,0,0,0,0,1,449,2,0,0,0,0,0,0,9,0,0,0,0,0,0,0,0,0,0,0,0,0,0,0,0,0,0,0,0,0,0,0,0,0,0,0,0,0,0,0,0,0,0,0,0,0,0,0,1,0,4,0,0,1,48,0,0,0,57,124,0,0,0,0,0,0,0,0,1,0,0,0,0,0,0,2,0,0,0,1,0,0,0,0,0,0,0,0,0,0,0,0,0,0,0,0,0,0,0,0,0,0,0,0,0,0,0,0,0,0,0,0,0,0,0,0,0,0,0,0,0,741,516,0,0,0,0,0,0,-43,427,280,23,24,754,1968
Mining Of Coal And Lignite ,0,0,0,24,0,1,0,0,0,0,0,0,0,4,0,0,0,0,0,0,0,2,0,3,0,0,1,0,0,0,0,0,0,5,0,1,2,0,0,0,0,0,0,0,0,0,0,0,0,0,342,63,0,0,0,0,7,0,1,0,0,5,0,0,0,0,0,3,0,0,0,1,0,0,0,0,0,0,0,1,1,0,4,0,0,1,0,1,2,0,0,0,2,0,0,0,0,0,0,0,0,0,0,0,0,0,0,0,0,0,2,0,0,0,0,0,0,0,0,0,0,0,0,0,0,0,0,0,0,481,197,0,0,0,0,0,0,5,33,7,0,0,40,723
Extraction Of Crude Petroleum And Natural Gas & Mining Of Metal Ores,0,0,0,0,589,0,28,0,0,0,0,0,0,0,0,0,0,0,0,0,0,0,0,64,3,1,0,0,0,0,0,0,0,0,0,0,0,0,0,0,0,0,0,0,0,0,0,0,0,0,4558,4265,0,0,0,0,110,0,10,0,0,61,0,0,0,0,0,37,0,0,0,24,2,0,0,0,5,0,0,17,16,0,55,12,0,11,0,30,30,0,3,0,23,0,0,0,0,0,0,0,0,0,1,0,0,0,0,0,0,0,0,0,0,0,0,0,0,0,0,0,0,0,0,0,0,0,0,0,0,9957,0,0,0,0,0,524,0,-378,10185,2637,0,0,12822,22925
Other Mining And Quarrying ,0,0,0,0,0,540,0,1,0,1,0,0,0,10,0,0,0,0,0,1,2,8,0,4,187,112,0,27,1,18,14,11,142,555,0,9,8,3,20,0,6,0,0,0,0,0,170,0,0,8,0,0,0,4,0,0,2470,0,132,28,9,39,0,0,28,0,8,44,0,7,0,7,1,0,0,0,2,0,0,1,3,0,5,11,1,3,0,6,10,14,3,0,4,0,0,0,0,2,1,7,3,2,0,0,0,0,0,2,0,3,0,0,0,0,0,0,0,0,0,0,0,0,0,0,0,1,0,0,5,4727,58,0,0,0,0,0,0,-155,370,136,0,0,506,5136
Mining Support Service Activities ,0,0,0,1,3003,0,276,0,0,0,0,0,0,0,0,0,0,0,0,0,0,0,0,0,0,0,0,0,0,0,0,0,0,0,0,1,0,0,0,0,0,0,0,0,0,0,0,0,0,0,0,0,0,0,1,0,29,0,52,0,0,34,0,0,0,0,0,15,0,0,0,5,0,0,0,0,0,0,0,0,0,0,36,28,0,3,0,2,0,0,0,0,0,0,0,0,0,0,0,0,0,0,0,0,0,0,0,0,0,0,0,0,0,0,0,0,0,0,0,0,0,0,0,0,0,0,0,0,0,3485,0,0,0,0,0,139,0,-9,0,0,239,238,477,4092
Processing and preserving of meat and production of meat products,6,1,1,0,1,2,0,3479,10,23,9,11,181,275,172,10,3,0,2,70,1,2,1,5,1,2,1,1,25,3,7,5,4,2,33,2,0,4,47,1,9,7,0,3,0,1,2,0,1,8,8,4,2,0,5,0,13,7,167,310,5,16,3,2,7,7,278,642,1,7,9,3,1,13,5,0,3,0,0,4,3,2,9,18,7,3,1,7,18,1,2,5,88,1,18,5,41,2,6,3,3,1,5,4,0,0,0,0,0,67,82,241,80,0,0,24,0,0,0,0,1,1,13,4,10,1,1,0,2,6736,7156,0,0,0,0,0,0,-137,1375,348,88,37,1848,15603
"Processing and preserving of fish, crustaceans, molluscs, fruit and vegetables",18,0,0,0,6,1,3,66,693,11,157,82,258,281,55,61,101,3,2,0,3,4,4,6,2,4,1,1,24,8,2,6,6,3,27,4,0,1,6,3,13,12,2,4,1,2,2,0,1,4,8,4,0,1,5,0,34,25,347,963,12,31,9,19,39,46,523,1544,4,28,33,32,5,70,22,1,8,0,0,13,3,16,22,30,22,16,3,8,62,11,6,16,40,0,57,8,149,4,19,35,13,4,8,13,0,0,0,5,0,39,65,122,43,0,0,0,0,0,0,0,5,2,46,6,40,2,5,1,15,6740,1459,0,0,0,0,0,0,-10,746,258,40,17,1061,9250
Manufacture of vegetable and animal oils and fats,2,0,0,0,0,0,0,71,61,4,2,21,80,6,109,0,1,0,0,0,0,0,0,1,1,9,0,18,2,1,0,0,0,0,0,0,0,0,0,0,0,1,0,0,0,0,0,0,0,0,1,0,0,0,0,0,6,4,17,73,0,1,3,0,2,20,21,67,1,2,1,2,0,0,2,0,1,0,0,2,2,9,1,6,2,6,0,2,18,1,1,4,7,0,13,3,204,1,1,1,1,1,0,0,0,0,0,0,0,1,0,10,14,0,0,0,0,0,0,0,0,0,11,2,82,1,0,0,1,1022,82,0,0,0,0,0,0,-1,280,50,3,1,334,1437
Manufacture of dairy products,8,0,0,0,4,1,3,39,52,26,714,16,274,250,10,0,14,2,1,0,3,3,3,5,1,4,1,1,22,2,3,5,2,3,25,4,0,1,2,2,7,7,2,3,1,4,1,0,1,2,6,4,0,0,3,0,14,9,217,495,8,9,2,8,14,19,143,362,1,8,18,18,2,19,15,19,4,0,1,5,3,7,8,14,11,5,1,5,33,2,4,8,13,0,27,8,102,3,10,11,4,2,3,0,0,0,0,0,0,0,31,40,0,0,0,0,0,0,0,0,1,1,23,6,23,1,4,0,8,3377,3222,0,0,0,0,0,0,228,771,272,31,13,1087,7914
"Manufacture of grain mill products, starches and starch products",4,0,4,0,0,0,0,293,83,23,21,388,690,95,719,230,1,0,0,3,0,58,0,0,2,2,0,0,5,5,9,1,0,0,0,0,0,0,0,0,0,0,0,0,0,0,1,0,0,0,0,0,0,0,0,0,5,0,169,101,0,6,0,0,0,0,45,146,0,2,0,3,1,0,0,0,1,0,0,0,0,0,1,9,1,1,0,3,1,0,0,0,0,0,18,0,0,2,2,8,3,0,0,0,0,0,0,0,0,4,17,26,22,0,0,0,0,0,0,0,0,0,15,0,0,1,0,0,0,3250,1147,0,0,0,0,0,0,40,459,208,10,4,681,5118
Manufacture of bakery and farinaceous products,9,0,0,0,7,2,3,10,2,0,2,4,58,4,0,1,3,1,3,0,1,2,4,1,0,2,0,1,1,1,4,5,0,4,35,1,0,0,2,1,7,10,0,2,0,1,2,0,0,2,7,4,3,1,3,0,18,9,647,1103,7,7,6,10,7,20,330,873,1,10,10,10,2,39,22,8,5,0,0,3,6,13,6,18,9,7,1,4,40,1,4,17,18,0,36,1,153,5,18,16,3,1,10,4,0,0,0,0,0,1,24,78,36,0,0,0,0,0,0,0,2,2,29,0,34,2,2,0,4,3967,5405,0,0,0,0,0,0,-46,504,259,48,20,831,10157
Manufacture of other food products,15,0,4,0,21,1,4,311,344,15,115,263,586,1258,111,95,733,3,3,1,2,5,5,2,4,2,0,1,107,18,11,4,19,54,12,16,1,0,6,3,7,12,0,0,0,3,2,0,0,2,20,8,1,1,7,0,150,30,416,1141,16,28,26,16,11,42,281,887,3,29,40,38,5,3,30,1,10,0,0,10,8,36,27,34,20,25,5,11,107,9,14,25,5,0,57,10,253,5,20,46,15,6,10,13,0,0,0,2,6,4,48,198,144,0,0,0,0,0,0,0,7,4,45,6,60,3,5,1,25,8750,2411,0,0,0,0,0,0,106,1888,879,55,23,2845,14112
Manufacture of prepared animal feeds,2226,0,97,0,0,0,0,100,1,1,0,0,4,0,18,0,0,0,0,0,0,0,0,0,0,0,0,0,0,0,0,0,0,0,0,0,0,0,0,0,0,0,0,0,0,0,0,0,0,0,0,0,0,0,0,0,1,0,59,7,0,0,0,0,0,0,8,26,0,2,0,13,0,0,0,0,24,0,0,0,0,0,0,2,7,0,0,36,0,0,0,4,0,0,1,0,43,33,0,0,46,0,0,0,0,0,0,0,9,0,0,0,0,0,0,0,0,0,0,0,0,1,1,0,18,15,5,5,0,2814,1323,0,0,0,0,0,0,43,457,224,2,1,684,4864
Manufacture of alcoholic beverages & Tobacco Products,2,0,0,0,0,0,0,0,0,0,0,5,0,2,5,2,0,0,0,0,0,0,0,0,0,0,0,0,0,0,0,0,0,0,0,0,0,0,0,0,0,0,0,0,0,0,0,0,0,0,0,0,0,0,0,0,11,1,1,80,2,0,7,10,0,6,1468,3197,0,12,4,1,1,0,4,2,1,0,1,3,2,11,2,4,8,3,0,2,16,3,1,5,1,0,1,0,38,5,2,12,5,29,0,2,0,0,0,0,0,0,0,0,0,0,0,0,0,0,0,1,0,1,1,0,6,3,1,1,65,5059,1093,0,0,0,0,0,0,20,930,2165,83,34,3212,9384
Manufacture of soft drinks; production of mineral waters and other bottled waters,17,0,0,0,0,0,0,0,1,0,0,0,0,2,0,0,67,0,0,0,0,0,0,0,0,0,0,0,0,1,0,0,0,0,0,0,0,0,0,0,0,0,0,0,0,0,0,0,0,0,0,0,0,0,0,0,13,1,42,39,8,2,2,8,29,20,80,269,0,53,11,6,3,42,8,8,3,0,1,7,2,13,1,9,14,18,0,2,44,3,2,8,16,0,20,3,25,19,5,37,45,14,0,3,0,0,0,3,7,4,7,0,25,0,0,0,0,0,0,0,0,1,16,1,6,9,4,4,52,1185,2459,0,0,0,0,0,0,16,289,74,111,47,521,4181
Manufacture Of Textiles ,72,0,14,0,0,0,0,0,0,0,0,0,0,0,0,0,0,201,572,18,1,0,0,0,0,2,0,0,3,1,0,3,0,5,0,0,1,1,2,0,3,187,1,1,0,139,42,0,1,3,0,0,0,0,0,0,201,111,59,246,1,5,1,4,7,8,22,77,1,10,3,7,3,0,10,0,8,7,1,0,2,1,2,19,1,1,2,3,13,2,0,7,2,0,22,2,42,0,5,10,2,2,0,3,0,0,0,0,0,16,6,84,0,0,0,6,0,0,0,1,1,1,20,1,11,1,2,0,3,2361,966,0,0,0,0,259,0,-347,1292,814,109,46,2261,5500
Manufacture Of Wearing Apparel ,0,0,0,0,2,0,1,0,0,0,0,0,1,0,0,0,0,0,32,0,0,0,0,0,0,0,0,0,0,0,0,0,0,0,0,0,0,0,0,0,0,0,0,0,0,0,1,0,0,0,0,0,0,0,0,0,11,0,1,0,0,0,0,0,0,0,0,0,0,1,0,0,1,0,0,0,0,0,1,1,1,1,0,3,0,1,0,0,5,0,0,0,0,0,3,2,2,0,0,0,0,0,0,0,0,0,0,0,0,0,0,5,0,0,0,0,0,0,0,0,0,1,0,1,1,1,0,0,0,81,332,0,0,0,0,82,0,-41,2165,1688,573,577,5003,5457
Manufacture Of Leather And Related Products ,0,0,1,0,0,0,0,0,0,0,0,0,0,0,0,0,0,0,0,0,0,0,0,0,0,0,0,0,0,0,0,0,0,0,0,0,0,0,0,0,0,0,0,1,0,0,1,0,0,0,0,0,0,1,0,0,0,1,2,3,0,0,0,0,0,0,0,0,0,0,0,0,0,0,0,0,0,0,0,0,0,0,1,2,1,0,1,1,0,0,1,1,0,1,2,2,1,0,0,0,0,1,0,0,0,0,0,0,0,0,0,0,0,0,0,0,0,0,0,0,1,0,0,1,2,1,1,0,0,31,36,0,0,0,0,29,0,-11,365,464,330,139,1298,1383
"Manufacture Of Wood & Products Of Wood & Cork, Except Furniture; Manuf. Of Articles Of Straw",16,0,0,9,5,5,2,15,0,0,6,1,3,4,1,1,8,2,0,0,1253,45,2,1,1,17,0,4,1,2,3,10,1,34,3,2,76,4,17,16,23,126,84,13,0,502,43,8,1,10,4,1,0,1,3,0,3261,30,45,4,5,11,1,0,10,4,15,66,1,12,12,17,2,0,4,8,3,22,3,11,4,2,5,21,1,2,0,4,19,1,1,2,4,0,23,1,22,3,2,12,3,2,0,0,0,0,0,0,0,9,71,0,0,0,0,0,0,0,0,0,0,0,19,2,6,1,3,0,3,6184,733,0,0,0,0,401,0,18,218,71,22,9,320,7656
Manufacture Of Paper And Paper Products ,307,1,5,1,0,1,0,279,245,22,100,351,264,397,69,230,91,23,31,17,65,231,1010,12,10,28,19,1,178,69,119,298,117,65,9,9,115,6,52,87,41,36,6,12,0,87,122,1,3,23,53,14,17,20,7,1,460,105,332,213,4,79,0,3,0,26,49,149,324,27,21,176,5,2,176,96,96,27,0,56,19,35,98,83,264,20,4,35,92,0,9,89,11,10,102,4,102,0,7,17,0,4,13,9,0,22,0,0,0,631,84,508,43,0,9,26,0,1,0,2,7,11,86,4,37,0,5,0,14,10319,26,0,0,0,0,0,0,-201,1091,567,11,5,1674,11818
Printing And Reproduction Of Recorded Media ,10,3,0,1,1,2,0,5,1,3,1,1,3,7,1,7,1,5,2,1,2,83,783,7,1,15,1,2,3,2,26,19,7,0,1,5,6,0,3,6,17,12,3,12,1,2,65,0,1,6,14,6,0,0,1,0,78,198,302,202,2,21,1,1,108,5,8,45,852,15,101,115,8,264,1183,107,250,24,2,154,7,82,5,32,434,20,1,14,61,128,12,47,17,11,21,6,93,1,5,4,5,6,7,9,0,25,0,8,8,739,898,810,75,19,52,160,0,1,0,0,2,6,20,5,27,0,6,0,18,9118,1011,0,0,0,0,0,0,-229,30,20,0,0,50,9950
Manufacture Of Coke And Refined Petroleum Products ,220,19,126,46,14,53,7,57,27,3,56,14,82,50,35,24,15,9,29,4,48,45,16,308,52,147,28,3,20,17,15,8,41,90,190,31,93,6,35,29,107,33,14,49,0,51,23,4,8,30,222,120,35,59,8,3,580,260,829,443,151,495,157,300,16,160,196,439,7,43,193,163,23,159,84,2,41,4,5,36,34,51,132,103,47,54,3,114,120,46,11,24,12,10,50,4,142,13,11,32,16,16,16,38,0,10,0,4,4,322,64,66,11,0,2,5,0,0,0,4,4,3,37,3,38,7,2,1,32,9383,4686,0,0,0,0,0,0,-24,3217,2347,84,36,5684,19729
"Manufacture of industrial gases, inorganics and fertilisers (inorganic chemicals) - 20.11/13/15",139,1,1,1,5,0,1,0,0,1,0,0,3,1,0,1,2,3,0,0,0,18,1,67,50,892,22,49,11,4,21,38,7,11,4,0,8,0,2,0,1,1,0,2,0,0,2,0,0,2,12,2,22,0,1,0,38,0,49,1,1,7,1,2,1,1,1,29,1,10,0,7,0,0,2,0,2,0,0,0,1,0,1,10,1,1,0,4,1,0,0,4,2,0,3,2,5,2,2,1,2,1,1,0,0,0,0,0,0,5,0,67,0,0,0,0,0,0,0,0,0,1,4,1,1,0,0,0,0,1686,54,0,0,0,0,0,0,35,836,659,0,0,1495,3270
Manufacture of petrochemicals - 20.14/16/17/60,0,1,0,2,0,2,0,0,1,0,0,1,3,1,0,0,8,10,0,14,19,130,2,75,70,978,19,104,9,22,27,1023,182,85,60,1,41,6,18,234,20,486,36,31,0,63,46,4,3,18,7,1,13,14,4,1,66,32,108,1,1,15,0,0,1,1,27,94,3,0,2,20,1,0,0,0,3,0,0,2,3,0,10,50,1,2,0,4,8,1,1,5,4,0,10,0,0,0,0,3,0,0,0,0,0,4,0,0,0,11,2,0,0,0,0,0,0,0,0,1,0,1,10,0,0,0,0,0,1,4404,0,0,0,0,0,0,0,190,4633,4915,0,0,9548,14142
"Manufacture of dyestuffs, agro-chemicals - 20.12/20",265,1,0,0,0,0,0,0,2,0,0,0,0,0,0,0,2,14,0,0,0,5,0,2,15,12,26,1,3,3,1,2,0,9,1,1,0,1,0,0,3,1,0,6,0,0,2,0,1,1,1,2,2,3,2,0,16,1,14,21,1,2,0,0,3,0,1,4,1,1,2,4,0,0,5,0,4,0,0,0,0,0,1,6,1,0,0,5,7,0,0,4,0,0,8,22,4,1,0,3,2,0,0,0,0,0,0,0,1,15,2,0,0,0,0,0,0,0,0,0,0,0,5,13,1,0,0,0,1,573,175,0,0,0,0,0,0,-11,799,551,0,0,1350,2087
"Manufacture of paints, varnishes and similar coatings, printing ink and mastics",24,0,0,0,0,0,0,0,0,0,0,0,0,0,0,0,0,1,0,1,57,142,189,0,0,0,0,0,0,1,0,8,1,5,2,1,215,2,17,31,72,231,46,22,1,29,29,11,3,28,0,0,0,6,2,0,697,18,27,33,11,11,0,0,3,2,9,35,133,17,9,11,3,1,7,8,24,6,0,2,2,2,12,25,98,2,0,4,15,1,2,0,2,1,17,1,62,3,4,15,4,7,0,8,0,7,0,0,0,54,47,0,0,0,0,8,0,0,0,0,0,0,13,1,24,2,3,1,22,2714,7,0,0,0,0,0,0,-31,207,241,2,2,452,3142
"Manufacture of soap & detergents, cleaning & polishing, perfumes & toilet preparations",31,3,0,0,0,0,0,9,6,1,17,1,14,13,0,4,0,0,0,1,0,1,1,0,3,1,2,0,483,0,13,0,0,0,0,0,0,0,2,0,0,0,0,0,0,0,2,0,0,0,1,0,0,35,16,6,110,60,75,133,7,21,2,13,2,13,48,115,0,22,6,18,4,8,4,12,21,0,3,3,3,4,5,32,20,6,5,9,29,2,10,252,6,2,64,1,198,3,4,16,10,4,0,147,0,32,0,0,0,88,126,56,56,0,5,16,0,0,0,1,6,33,51,0,46,2,0,1,13,2732,897,0,0,0,0,0,0,113,2380,1310,130,54,3874,7616
Manufacture of other chemical products,0,1,0,2,0,1,0,0,1,0,1,0,0,0,0,0,0,0,0,1,0,0,0,2,0,0,0,0,2,0,0,1,0,0,1,1,0,0,2,0,1,1,0,0,0,1,0,0,0,1,0,0,0,0,2,1,4,0,1,0,1,0,0,0,1,1,1,1,1,0,0,1,0,0,1,0,0,0,0,0,0,0,0,3,1,0,1,0,0,0,0,0,1,0,9,3,4,0,1,0,0,5,0,9,0,0,0,0,0,3,1,36,0,0,0,0,0,0,0,0,2,1,1,2,3,0,1,0,0,122,0,0,0,0,0,8,0,-4,2700,1887,2,14,4603,4729
Manufacture Of Basic Pharmaceutical Products And Pharmaceutical Preparations,6,0,0,0,0,0,0,0,0,0,0,1,0,0,5,0,0,0,0,0,0,0,0,2,0,0,0,0,5,0,216,0,0,0,0,0,0,0,0,0,0,0,0,0,0,0,0,0,0,0,0,0,0,0,0,0,0,1,9,3,0,0,0,0,0,0,1,2,0,0,0,1,0,0,0,0,0,0,0,0,0,0,0,10,0,1,1,0,0,0,0,0,5,1,0,0,2,0,0,0,0,5,0,0,0,0,0,0,0,0,0,0,0,0,0,0,0,0,0,0,1,0,2,0,1,0,0,0,0,285,2562,2998,0,2998,0,0,0,-31,5729,8473,18,7,14227,20041
Manufacture Of Rubber And Plastic Products ,142,1,55,3,1,4,0,295,235,12,240,25,192,97,29,2,304,2,2,7,70,5,6,0,2,18,1,23,190,87,9,266,3,52,3,6,146,10,117,65,272,1108,175,40,4,179,102,33,10,121,16,12,12,21,4,1,5201,380,650,186,36,504,19,2,83,44,14,83,4,18,845,136,10,2,32,29,36,7,3,32,2,5,17,108,5,11,4,22,52,29,7,37,9,2,35,3,41,3,5,19,1,5,22,1,0,8,0,9,0,100,64,248,30,0,0,0,0,0,0,1,5,4,27,2,19,1,3,0,12,14170,6,0,0,0,0,606,0,-79,3996,2245,241,102,6584,21287
"Manufacture of glass, refractory, clay, porcelain, ceramic, stone products - 23.1-4/7-9",38,0,0,2,1,20,0,2,27,1,18,1,4,70,0,221,46,0,0,0,34,1,1,2,1,22,0,3,19,3,3,52,5,77,51,68,23,5,96,36,3,3,10,0,0,2,11,3,1,17,1,0,0,5,24,0,3497,127,143,28,34,26,2,11,7,6,8,37,0,9,27,8,2,0,0,0,3,0,0,0,1,0,3,12,1,1,1,4,4,2,1,0,1,0,2,0,20,1,3,7,0,2,3,0,0,0,0,0,0,55,89,21,0,0,0,0,0,0,0,0,1,0,2,0,3,0,4,0,2,5255,313,0,0,0,0,20,0,-104,1060,700,17,7,1784,7268
"Manufacture of cement, lime, plaster and articles of concrete, cement and plaster",71,0,0,4,4,92,0,0,0,0,0,0,0,2,0,0,0,0,0,0,1,1,1,0,1,1,0,1,3,5,0,0,15,572,16,17,8,2,0,0,0,2,0,0,0,0,0,0,0,1,5,1,10,23,3,2,6574,3,138,17,43,10,0,1,7,3,0,14,0,18,11,5,0,0,0,0,12,0,0,0,1,0,2,5,3,1,0,4,3,0,2,7,1,2,2,1,4,2,3,3,3,2,0,0,0,22,0,0,0,105,176,26,0,0,11,44,0,0,0,0,0,1,1,0,2,2,1,0,6,8167,22,0,0,0,0,0,0,-410,111,63,0,0,174,7953
Manufacture of basic iron and steel,3,0,0,2,14,3,1,1,1,0,1,1,0,0,0,0,0,1,0,2,6,1,2,12,0,1,1,1,0,3,2,19,0,6,622,3,1545,13,82,86,703,682,61,33,2,172,40,25,8,160,8,1,7,0,7,0,68,48,69,0,8,32,0,1,0,1,0,44,1,0,3,18,0,0,9,0,6,0,0,1,1,0,23,69,0,3,0,7,2,0,0,0,5,0,1,0,0,0,0,1,0,0,1,0,0,0,0,0,0,0,0,0,0,0,0,0,0,0,0,0,0,0,1,0,0,0,0,0,0,4764,0,0,0,0,0,68,0,-30,2123,1917,0,0,4040,8842
Manufacture of other basic metals and casting,1,0,0,0,2,0,0,0,2,0,0,0,0,0,0,0,0,0,0,0,0,1,0,0,0,2,1,0,1,1,4,4,3,4,1,269,41,4,15,46,86,39,6,23,0,4,11,1,8,20,22,4,0,1,0,0,67,2,14,12,0,3,0,0,0,2,0,5,0,0,4,6,1,0,2,0,1,0,0,0,0,0,3,11,1,0,0,1,2,0,0,2,1,0,0,0,0,0,0,1,0,0,0,1,0,0,0,0,0,0,0,0,0,0,0,0,0,0,0,0,0,1,0,0,0,0,0,0,0,770,1,0,0,0,0,6,-713,84,2156,6790,23,10,8979,9127
"Manufacture of fabricated metal products, excluding weapons & ammunition - 25.1-3/5-9",165,2,7,34,339,25,28,65,89,4,40,8,80,146,109,380,265,17,9,15,118,10,59,174,5,28,13,38,143,39,71,310,109,95,88,170,1563,85,442,549,2235,1910,277,1772,7,163,214,51,262,489,361,90,15,11,65,0,4877,287,347,76,59,60,29,27,2,6,6,107,9,3,17,77,2,0,32,20,55,0,2,8,5,0,184,375,5,13,0,23,24,1,1,2,17,0,29,1,80,0,1,7,3,0,23,0,0,0,0,0,0,13,58,57,0,0,0,6,0,0,0,0,1,0,23,0,38,0,0,0,0,20954,3,0,0,0,0,4097,0,-365,2005,2115,6,2,4128,28817
Manufacture of weapons and ammunition,0,0,0,0,14,2,1,0,0,0,0,0,0,0,0,0,0,0,0,0,0,0,0,0,0,0,0,0,0,3,0,19,0,0,0,0,21,542,1,0,17,0,0,0,13,0,0,0,0,63,0,0,0,0,0,0,0,0,3,0,0,0,0,0,0,0,0,22,0,0,0,12,0,0,0,0,1,0,0,0,0,0,1,124,0,0,0,1,1,0,0,0,1,32,0,0,0,0,0,0,0,0,0,0,0,0,0,0,0,1722,0,0,0,0,0,0,0,0,0,0,0,0,0,0,0,0,0,0,0,2616,4,0,0,0,0,637,0,-3,110,986,0,0,1096,4350
"Manufacture Of Computer, Electronic And Optical Products ",6,3,4,4,1,6,0,5,1,0,2,2,3,3,1,3,2,3,3,0,5,6,0,1,4,23,4,0,3,20,13,4,0,6,24,21,13,49,1038,97,25,21,32,10,2,5,112,7,8,174,39,18,5,6,17,0,97,23,60,11,2,34,0,0,2,6,8,32,1,22,880,39,12,2,16,8,29,5,1,3,2,1,14,126,4,11,6,10,15,8,2,5,11,36,14,18,25,0,3,12,5,4,4,1,0,6,0,1,4,1297,151,1051,55,0,4,12,0,0,0,0,9,0,13,13,3,0,5,0,0,6118,342,0,0,0,0,1880,0,35,5056,5637,19,5,10717,19092
Manufacture Of Electrical Equipment ,52,0,1,1,57,1,3,1,1,0,1,0,1,0,1,1,1,1,0,1,3,0,0,0,0,1,1,0,0,2,3,6,0,2,5,0,5,19,129,158,194,6,73,3,7,1,147,13,5,209,1033,211,5,0,20,0,2166,31,26,132,9,334,9,0,0,43,0,31,1,41,347,96,9,0,23,11,51,12,5,19,3,4,12,41,3,8,0,194,28,2,20,9,8,7,22,4,25,0,6,11,4,2,114,0,0,0,0,0,0,362,49,16,30,0,4,28,0,0,0,0,0,1,17,2,9,0,2,1,3,6835,2,0,0,0,0,405,0,-110,2120,2614,18,7,4759,11891
Manufacture Of Machinery And Equipment N.E.C. ,30,1,3,29,20,35,1,103,27,2,22,26,53,50,13,15,22,20,7,2,37,104,115,1,3,14,10,8,5,6,14,7,48,48,193,78,7,20,213,180,379,13,172,26,3,35,37,24,49,157,195,61,101,8,70,0,1154,451,67,61,21,48,1,1,0,6,4,34,14,32,46,24,3,0,12,4,59,1,0,9,2,1,11,39,13,20,0,21,23,1,20,3,5,2,2,0,18,0,3,3,16,0,10,0,0,0,0,0,0,68,0,0,0,0,0,0,0,1,0,0,0,1,1,0,6,0,0,2,0,5265,89,0,0,0,0,3224,0,-174,7139,11606,0,0,18745,27149
"Manufacture Of Motor Vehicles, Trailers And Semi-Trailers ",35,9,0,5,1,25,1,14,3,2,20,4,18,8,7,27,7,9,6,0,21,14,7,2,4,12,7,2,1,3,5,9,5,35,30,48,11,12,75,74,76,1406,7,0,3,52,24,3,1,79,33,10,10,14,0,0,201,2453,314,296,4,635,3,0,58,134,12,83,5,27,60,132,13,1,71,35,57,18,3,25,12,38,14,95,12,28,1,706,98,28,297,15,6,5,45,20,98,2,9,10,15,2,34,2,0,30,0,5,0,233,8,75,111,0,4,6,0,0,0,0,1,2,35,6,27,1,4,1,7,9085,4312,0,0,0,0,548,0,-90,13975,17298,103,43,31419,45274
Building of ships and boats,0,0,21,0,0,0,5,0,0,0,0,0,0,0,0,0,0,0,0,0,0,0,0,0,0,0,0,0,0,0,0,1,0,0,0,0,0,0,0,0,0,0,195,0,0,0,0,0,0,0,0,0,0,0,0,0,1,0,1,0,0,0,3,0,0,0,0,0,0,0,0,3,0,0,2,0,1,0,0,0,0,0,0,9,0,0,0,0,0,0,0,4,0,6,0,0,0,0,0,0,0,0,0,0,0,0,0,0,0,383,0,0,0,0,0,0,0,0,0,0,0,1,0,0,0,0,0,0,0,640,279,0,0,0,0,2894,0,-75,426,789,0,0,1215,4953
Manufacture of air and spacecraft and related machinery,2,0,0,0,13,0,4,0,0,0,0,0,0,0,0,0,0,0,0,0,0,0,0,0,0,1,0,0,0,0,0,0,0,0,0,0,0,0,0,0,1,0,0,38,0,2,0,0,16,0,0,0,0,0,0,0,2,5,2,2,0,2,0,68,0,1,0,1,0,3,5,2,1,0,11,0,1,0,0,0,0,0,3,12,0,0,0,0,2,0,0,0,0,7,2,0,1,0,0,2,1,1,0,0,0,0,0,0,0,286,0,0,0,0,0,0,0,0,0,0,0,0,1,0,1,0,0,0,0,504,639,0,0,0,0,2869,0,-60,4868,10631,216,92,15807,19759
Manufacture of other transport equipment - 30.2/4/9,1,1,0,0,0,0,0,0,0,0,0,0,0,0,0,0,0,0,0,0,0,0,0,0,0,0,0,0,0,0,0,0,0,0,0,0,0,8,8,0,1,0,0,0,88,0,0,0,0,36,0,0,0,0,0,0,7,5,8,1,20,0,0,1,8,4,1,3,0,1,0,3,1,0,0,0,1,0,0,0,0,0,2,4,3,0,1,4,1,3,0,2,1,0,0,1,0,1,0,3,0,0,0,0,0,0,0,0,0,4,0,105,0,0,0,0,0,0,0,0,1,0,0,1,0,1,0,0,0,348,1881,0,0,0,0,47,0,-6,240,316,2,2,560,2830
Manufacture Of Furniture ,0,3,3,0,0,0,0,3,1,0,1,2,3,2,0,2,2,2,1,0,6,2,1,0,2,2,1,3,1,3,3,8,7,5,0,0,1,1,7,3,5,76,6,3,1,347,4,0,1,4,25,7,3,0,2,0,137,15,19,25,2,6,2,1,6,4,8,29,1,6,9,12,3,9,10,2,15,3,1,20,2,8,12,21,2,8,1,11,37,1,4,9,18,7,24,3,49,3,3,2,3,1,4,2,0,0,0,0,0,403,201,106,66,0,0,25,0,0,0,0,1,2,21,2,13,2,3,0,0,1984,2329,0,0,0,0,2183,796,181,524,347,34,14,919,8392
Other Manufacturing ,23,3,2,4,1,0,0,1,4,1,4,8,8,10,3,13,4,2,0,2,14,19,186,8,5,25,4,1,2,8,2,6,14,5,0,1,3,3,39,10,200,99,18,23,3,11,57,4,4,77,29,16,8,31,0,1,166,39,25,0,8,11,3,1,22,4,5,31,30,13,64,24,5,3,29,29,13,2,1,25,6,4,31,23,30,6,17,8,8,3,5,11,2,0,13,0,46,0,2,14,4,2,0,2,0,0,0,3,0,7,9,0,0,0,0,0,0,0,0,0,23,1,19,2,21,0,2,0,0,1903,65,0,0,0,0,340,138,15,2073,3850,455,3,6381,8842
Repair and maintenance of ships and boats,0,0,62,0,160,0,51,0,0,0,0,0,0,0,0,0,0,0,0,0,0,0,0,0,0,0,0,0,0,0,0,1,0,0,0,0,1,0,0,0,2,0,110,0,0,0,0,13,0,1,0,0,0,4,6,0,9,6,6,3,0,5,333,0,41,0,0,4,0,0,0,5,0,0,0,12,2,0,0,0,0,0,6,3,0,0,0,3,0,9,0,11,0,0,0,0,0,0,0,0,0,0,0,0,0,0,0,4,0,0,0,0,0,0,0,0,0,0,0,0,0,2,0,0,0,0,0,0,0,876,0,0,0,0,0,0,0,0,0,0,1,0,1,877
Repair and maintenance of aircraft and spacecraft,2,0,0,0,56,0,11,0,0,0,0,0,0,0,0,0,0,0,0,0,0,0,0,0,0,0,0,0,0,1,0,1,0,0,0,4,6,14,5,2,45,2,3,1795,2,7,1,6,943,11,0,0,0,0,0,0,11,4,84,0,0,10,0,197,37,0,3,10,0,3,10,34,0,0,0,0,3,0,0,1,2,0,141,139,0,11,0,4,0,2,0,0,1,0,0,0,0,0,0,2,2,1,0,0,0,0,0,3,0,0,0,0,0,0,0,0,0,0,0,0,0,0,0,0,0,0,0,0,5,3638,0,0,0,0,0,0,0,0,0,0,0,0,0,3638
Rest of repair; Installation - 33.11-14/17/19/20,42,8,7,36,128,29,30,56,25,4,30,13,44,50,7,41,34,17,11,3,86,30,19,40,12,56,18,9,12,11,17,218,43,58,86,79,238,47,241,402,1002,880,193,344,423,58,117,36,33,307,315,133,51,10,33,0,3673,292,263,102,118,131,32,17,117,18,8,77,14,24,384,144,11,21,22,11,37,0,0,11,7,10,73,151,24,10,12,54,32,6,2,25,18,0,13,4,30,2,14,3,31,0,32,10,0,0,0,12,0,0,0,0,0,0,0,0,0,0,0,0,16,3,11,2,12,1,26,3,1,12444,0,0,0,0,0,0,0,-234,0,0,672,282,954,13164
"Electric power generation, transmission and distribution",374,9,87,27,40,136,11,225,94,17,102,96,144,149,53,180,27,53,37,7,68,574,97,585,98,253,144,20,56,51,143,392,245,305,242,359,295,30,146,97,446,385,192,169,31,75,77,18,19,134,25373,7540,440,39,45,2,1340,276,929,1230,247,589,7,89,120,162,169,697,65,48,312,448,45,472,80,235,113,1097,4,141,130,92,427,238,96,113,15,313,313,23,30,94,241,9,198,53,65,68,32,38,22,14,38,31,0,15,0,17,4,529,170,579,145,14,31,63,0,0,0,4,21,12,161,38,12,31,20,2,51,54575,14137,0,0,0,0,0,0,0,76,0,51,0,127,68839
Manufacture of gas; distribution of gaseous fuels through mains; steam and aircon supply,48,5,59,26,172,50,132,184,258,29,131,121,202,400,29,209,26,70,31,14,53,392,29,241,107,274,166,36,56,40,146,356,671,451,251,155,476,15,99,112,354,240,25,30,4,26,43,11,6,94,6700,4579,10,15,7,0,296,57,294,214,31,178,7,32,33,27,53,229,37,8,39,84,6,95,22,21,20,0,0,46,32,19,140,110,36,33,6,77,72,1,7,10,64,6,49,31,75,3,8,16,5,2,10,10,0,11,0,4,0,360,289,461,124,0,20,46,0,0,0,1,8,1,41,21,33,1,11,0,9,22556,13625,0,0,0,0,0,0,-1,0,0,44,0,44,36224
"Water Collection, Treatment And Supply ",64,1,2,2,5,10,3,9,35,19,24,9,26,44,3,43,9,9,2,4,8,26,8,25,8,31,17,6,10,6,18,30,22,13,11,35,17,1,12,11,2,20,3,7,1,20,9,0,1,3,41,21,115,4,33,0,7,1,24,42,0,14,0,1,0,6,4,9,1,4,4,11,2,7,271,0,31,0,0,5,1,2,3,22,8,5,1,15,15,1,3,26,2,4,32,2,14,0,3,6,0,1,3,5,0,16,0,0,0,278,84,104,56,0,15,36,0,0,0,0,1,3,27,1,4,0,5,0,2,2167,4764,0,0,0,0,0,0,10,0,0,3,0,3,6944
Sewerage ,2,0,4,0,5,3,0,19,6,2,8,1,6,6,2,2,1,2,1,0,5,8,2,2,4,19,6,1,1,2,4,6,3,3,3,2,5,0,4,2,3,3,1,4,0,2,1,0,0,3,2,0,5,1109,201,8,58,15,23,26,4,29,1,11,15,16,13,35,5,21,7,19,4,10,6,9,9,3,4,7,4,5,11,13,23,4,3,15,17,1,0,4,8,0,15,110,37,1,3,10,4,1,2,19,0,16,0,0,2,13,41,357,0,0,0,4,0,0,0,0,4,1,14,80,10,1,1,0,4,2703,4740,0,0,0,0,0,0,0,0,0,0,0,0,7443
"Waste Collection, Treatment And Disposal Activities; Materials Recovery ",9,0,17,0,11,2,1,41,20,2,8,3,12,18,3,6,2,5,38,2,6,17,5,7,6,25,6,4,6,1,13,6,16,5,108,6,4,0,4,4,8,11,3,7,0,9,6,0,2,4,6,3,9,363,462,0,164,52,98,70,10,86,16,41,25,29,38,112,10,34,28,66,4,2,22,29,27,13,15,19,16,9,33,59,65,17,7,48,25,7,10,122,29,18,16,300,50,17,5,14,40,4,6,56,0,1886,0,3,3,1064,20,142,0,0,0,2,0,0,0,2,8,16,14,221,8,7,2,4,4,6731,40,0,0,0,0,54,0,0,1022,2522,30,0,3574,10399
Remediation Activities And Other Waste Management Services ,0,0,0,0,0,0,0,0,0,0,0,0,0,0,0,0,0,0,0,0,0,1,0,0,0,0,0,0,0,0,0,0,0,0,0,0,0,0,0,0,0,0,0,0,0,0,0,0,0,0,0,0,0,0,0,28,0,0,0,0,0,0,0,0,0,0,0,0,0,0,0,0,0,0,0,0,0,0,0,0,0,0,0,1,0,0,0,0,0,0,0,0,0,0,0,1,9,0,0,0,0,0,0,0,0,0,0,0,1,5,24,196,0,0,0,2,0,0,0,0,0,0,0,1,4,0,0,0,0,273,0,0,0,0,0,39,0,0,0,0,0,0,0,312
Construction,531,11,45,20,607,30,84,3,3,3,11,18,70,94,8,59,29,31,39,20,48,75,112,331,19,146,7,20,20,10,51,104,63,72,50,45,80,9,23,31,135,126,82,207,15,86,77,20,28,47,531,324,339,67,264,7,61046,477,3426,11205,57,552,478,336,970,365,320,1786,97,85,972,447,52,1489,2775,57,14541,7798,53,358,79,278,247,204,182,109,13,263,410,149,38,79,93,71,190,55,36,72,202,130,26,38,39,148,0,194,0,100,8,4441,232,647,264,21,46,114,0,95,0,0,17,8,152,40,10,33,50,2,154,124911,1548,0,0,0,0,143486,0,5677,0,0,932,1141,2073,277695
Wholesale And Retail Trade And Repair Of Motor Vehicles And Motorcycles ,751,38,17,4,39,18,6,135,86,9,97,56,91,99,23,32,86,30,13,6,47,111,83,36,9,32,9,16,373,37,69,466,34,50,59,58,268,40,160,112,588,3371,56,30,126,100,98,13,7,233,87,45,28,39,73,0,3556,3114,2314,1144,308,1806,154,171,295,276,124,453,358,74,429,646,96,533,622,66,278,9,10,185,64,80,65,308,245,46,7,1220,238,88,109,62,111,8,89,24,107,8,25,34,20,9,76,128,0,64,0,28,6,407,125,691,152,0,6,22,0,1,0,2,9,7,98,15,21,4,6,0,48,30507,18727,0,0,0,0,5129,0,0,392,974,226,197,1789,56152
"Wholesale Trade, Except Of Motor Vehicles And Motorcycles ",743,31,39,21,124,111,30,629,353,75,296,262,273,470,280,274,145,267,117,38,151,538,366,243,233,1450,102,185,494,211,538,731,304,297,770,576,1596,85,829,683,1574,2001,170,531,22,219,370,35,81,489,570,151,54,39,40,1,4055,743,1303,597,30,239,36,79,63,51,817,2512,490,80,806,305,16,138,84,50,103,11,2,41,18,40,148,425,293,54,15,137,106,11,33,74,80,24,143,32,220,17,21,52,30,12,46,65,0,29,0,6,0,1584,230,1994,154,0,7,40,0,0,0,1,20,8,89,36,45,5,10,2,54,40367,40861,2214,0,2214,0,2735,0,0,21835,18188,1446,305,41774,127951
"Retail Trade, Except Of Motor Vehicles And Motorcycles ",0,0,0,0,0,0,0,0,0,0,0,0,0,0,0,0,0,0,0,0,0,0,0,0,0,0,0,0,0,0,0,0,0,0,0,0,0,0,0,0,0,0,0,0,0,0,0,0,0,0,0,0,0,0,0,0,0,0,0,0,0,0,0,0,0,0,0,0,0,0,0,0,0,0,0,0,0,0,0,0,0,0,0,0,0,0,0,0,0,0,0,0,0,0,0,0,0,0,0,0,0,0,0,0,0,0,0,0,0,0,0,0,0,0,0,0,0,0,0,0,0,0,0,0,0,0,0,0,0,0,134441,0,0,0,0,0,-83,0,0,0,3142,1462,4604,138962
Rail transport,1,1,4,4,62,4,7,4,0,2,2,3,4,3,0,6,0,3,4,0,0,2,2,4,1,4,1,1,2,1,1,5,7,7,0,0,7,2,1,4,6,14,6,6,5,7,1,2,1,3,4,2,0,1,10,0,10,12,51,11,18,4,1,5,41,75,3,5,3,10,4,8,2,22,60,4,10,0,5,2,5,7,6,22,11,7,1,13,4,14,9,4,7,10,8,2,13,5,1,3,3,1,5,3,0,0,0,3,0,424,92,199,0,0,9,22,0,0,0,0,3,0,3,1,4,3,0,0,5,1533,10039,0,0,0,0,0,0,0,0,0,208,262,470,12042
"Land transport services and transport services via pipelines, excluding rail transport",73,12,0,15,40,379,8,375,241,42,282,256,280,175,140,282,148,37,53,22,175,272,232,121,57,205,26,72,92,73,19,151,297,521,141,46,258,8,129,100,86,136,6,27,10,99,38,1,8,72,15,20,9,46,941,4,1697,1344,10830,2052,92,2213,21,34,643,378,182,717,227,33,180,304,24,589,395,82,134,0,23,158,109,122,204,181,232,53,39,519,258,187,15,57,109,11,65,45,65,5,36,30,11,3,37,62,0,103,388,66,4,569,830,1203,490,0,0,23,0,0,0,2,55,5,54,34,17,2,2,1,8,36036,13036,0,0,0,0,389,0,0,0,0,890,1128,2018,51479
Water Transport ,0,0,45,0,25,5,1,0,0,0,2,0,1,7,0,11,0,0,5,0,0,2,12,7,0,0,0,0,1,0,2,3,6,4,4,3,8,1,3,1,6,18,0,0,4,1,7,0,0,3,2,0,0,1,7,0,52,39,137,33,7,4,2498,9,450,36,4,37,12,4,4,24,1,32,2,10,9,0,0,0,0,6,1,6,9,2,0,28,21,25,0,6,16,0,12,0,22,2,0,6,1,1,0,1,0,0,0,13,0,10,0,9,0,0,0,0,0,0,0,0,0,0,6,0,5,1,0,0,3,3826,7794,0,0,0,0,236,0,0,0,0,2484,3008,5492,17348
Air Transport ,0,0,0,0,0,2,0,3,1,1,1,0,3,0,0,1,0,2,1,0,0,0,0,0,0,0,0,0,2,0,0,1,0,2,0,2,0,0,0,0,0,1,3,0,0,0,0,1,1,0,0,0,0,1,0,0,4,0,2,0,0,0,0,0,0,0,0,0,0,0,0,0,0,0,0,0,0,0,0,0,0,2,0,3,0,0,0,0,0,0,0,0,0,0,0,2,1,0,0,1,0,0,0,0,0,0,0,0,2,0,0,0,0,0,0,0,0,0,0,1,0,3,0,0,1,0,0,0,3,53,14953,0,0,0,0,0,0,0,0,0,2231,2645,4876,19882
Warehousing And Support Activities For Transportation ,12,1,10,1,18,7,2,9,6,5,11,5,14,21,4,20,15,4,65,5,5,5,48,16,3,10,3,9,17,27,37,37,21,13,30,13,32,4,25,10,42,85,8,63,3,16,14,2,5,16,77,66,22,19,46,2,634,543,7705,875,2240,1277,1081,183,8092,304,42,418,5,49,264,451,9,1119,488,130,243,0,60,35,14,91,152,162,20,49,0,305,439,1,28,152,249,2,240,14,61,17,19,20,13,8,22,41,0,6,0,812,15,159,0,0,0,0,0,0,0,1,0,2,1,18,204,11,21,7,4,1,25,30740,1260,0,0,0,0,0,0,0,0,0,2023,2574,4597,36597
Postal And Courier Activities ,26,3,0,2,55,4,10,14,16,3,17,21,17,188,8,55,87,5,14,3,9,41,12,84,8,72,3,6,66,11,173,8,18,50,19,35,44,2,4,9,21,55,2,22,2,11,6,0,2,7,31,11,3,22,50,1,248,216,1317,537,17,172,25,5,121,249,103,357,11,59,267,440,27,3751,2245,1237,358,0,37,363,118,172,175,129,112,45,4,136,167,8,19,83,105,21,106,12,219,11,15,13,17,16,12,62,0,0,0,14,9,1224,23,194,43,0,0,0,0,0,0,2,5,11,84,9,39,6,4,2,64,17137,736,0,0,0,0,0,0,0,0,0,801,1057,1858,19731
Accommodation ,0,0,0,0,0,0,0,0,0,0,0,0,0,0,0,0,0,0,0,0,0,0,0,0,0,0,0,0,0,0,0,0,0,0,0,0,0,0,0,0,0,0,0,0,0,0,0,0,0,0,0,0,0,0,0,0,5,0,0,0,0,0,0,0,0,0,0,0,0,2,0,0,0,0,0,0,0,0,0,0,0,2,0,0,0,0,0,0,3,0,0,0,0,0,0,0,0,0,0,0,0,0,0,0,0,0,0,0,0,0,0,2,1,0,0,0,0,0,0,0,0,0,0,0,18,0,0,0,3,36,20348,0,0,0,0,0,0,0,0,0,3323,4478,7801,28185
Food And Beverage Service Activities ,6,0,6,1,20,2,1,87,3,5,9,1,10,28,4,8,3,3,3,0,3,5,3,0,1,1,1,1,7,1,3,11,1,9,4,3,1,1,25,4,1,26,8,6,1,6,2,1,1,4,34,11,2,0,11,0,115,23,29,1291,15,9,6,40,31,60,11,140,2,11,33,28,7,117,144,27,28,0,0,10,1,9,10,22,2,7,3,6,11,1,0,8,16,9,13,6,559,12,21,32,0,22,57,41,0,0,0,5,0,145,0,237,100,0,0,0,0,0,0,0,3,1,25,4,104,9,0,0,13,4086,76473,0,0,0,0,0,0,0,0,0,2481,3344,5825,86384
Publishing Activities ,0,6,0,1,0,1,0,6,0,1,4,4,7,16,2,18,2,5,10,2,4,10,35,12,2,5,2,2,12,15,54,27,24,6,5,9,28,2,6,11,32,64,4,29,0,15,16,1,5,11,122,23,22,0,19,0,51,57,86,65,6,19,5,14,72,15,12,47,1591,27,16,49,4,85,127,15,36,0,4,58,11,32,49,34,784,13,1,13,14,1,3,2,14,5,23,4,51,10,3,8,4,14,0,0,0,7,0,7,0,308,634,0,162,4,21,70,0,0,0,0,1,0,23,3,9,5,2,0,56,5577,4603,0,0,0,0,2084,0,-109,1224,1410,225,297,3156,15311
"Motion Picture, Video & TV Programme Production, Sound Recording & Music Publishing Activities & Programming And Broadcasting Activities",0,0,0,0,0,0,0,0,0,0,0,0,0,0,0,0,0,0,0,0,0,2,17,0,0,0,0,0,0,0,0,0,0,0,0,0,0,0,0,0,0,0,0,0,0,0,1,0,0,0,0,0,0,0,0,0,1,0,1,1,0,0,0,0,0,0,169,52,1,2233,0,33,11,0,0,0,1,0,0,0,0,13,0,15,188,0,0,1,2,0,0,0,0,3,36,11,13,73,169,20,93,51,0,9,0,18,0,0,402,93,66,8,26,10,21,29,0,0,0,0,0,0,26,9,2,37,9,9,212,4197,9979,0,0,0,0,4594,0,-82,335,142,1857,2326,4660,23348
Telecommunications ,212,6,10,2,15,6,11,12,12,1,4,4,11,21,3,15,6,13,40,5,11,12,29,15,6,9,7,5,9,13,46,13,13,17,24,9,76,4,48,18,58,43,6,32,4,24,17,1,3,27,111,77,25,70,46,1,555,301,1988,804,47,261,67,83,439,345,172,693,45,1140,246,527,58,3094,1786,1681,420,472,90,407,122,655,199,132,745,113,21,234,390,64,48,169,214,28,39,52,90,19,99,72,30,15,31,97,0,19,0,40,29,1640,82,609,154,0,10,24,0,1,0,2,30,22,25,38,16,9,6,3,45,23537,17711,0,0,0,0,674,0,0,0,0,2710,3579,6289,48211
"Computer Programming, Consultancy And Related Activities ",0,3,6,4,254,9,34,61,49,4,25,19,47,77,21,109,36,11,49,17,38,59,66,173,7,118,15,30,29,40,373,73,24,19,115,91,21,32,43,53,234,295,61,610,36,49,78,12,47,58,357,348,118,0,104,3,2260,1192,2183,1133,353,692,736,934,241,636,566,880,46,362,1451,2034,378,3179,3574,2209,1175,0,120,545,379,917,955,425,694,420,29,529,554,275,129,227,372,30,330,273,193,146,53,115,66,53,111,345,0,23,0,26,51,1331,99,438,162,0,14,28,0,5,0,8,40,28,262,199,35,67,21,5,186,42191,128,0,0,0,0,28605,0,629,0,0,3056,4036,7092,78645
Information Service Activities ,0,1,0,0,1,1,2,10,5,0,4,1,6,11,5,44,7,2,3,0,6,18,18,1,4,16,1,3,2,7,49,2,4,2,12,9,1,2,4,9,20,19,5,35,1,7,7,1,2,5,29,15,0,0,0,0,184,162,445,484,37,173,41,140,269,113,70,193,15,186,263,49,49,458,491,65,123,0,6,62,34,192,143,72,174,81,2,57,30,15,37,51,200,0,23,24,19,494,25,26,28,9,18,0,0,0,0,25,0,0,0,0,0,0,0,0,0,0,0,3,3,5,17,17,4,253,9,3,15,6606,0,0,0,0,0,0,0,-98,0,0,1104,1458,2562,9070
"Financial Service Activities, Except Insurance And Pension Funding ",939,11,24,23,1083,287,195,130,223,22,124,101,270,580,70,400,90,111,303,20,172,239,99,726,93,373,53,63,139,200,731,483,245,307,92,145,732,42,241,249,398,1298,74,802,143,166,238,18,79,251,1071,467,166,60,592,3,3367,839,2102,2159,73,821,191,295,923,446,432,1232,95,237,645,973,89,3307,1452,472,6736,13580,683,504,359,873,967,540,608,486,15,682,1210,305,78,275,557,51,18,307,133,118,53,107,65,20,74,455,0,0,0,106,5,3347,0,43,0,0,0,11,0,42,0,12,21,35,3,229,32,55,3,6,82,70301,32992,0,0,0,0,0,0,0,0,0,14163,18014,32177,135470
"Insurance, reinsurance and pension funding services, except compulsory social security",213,17,64,4,73,20,18,17,30,7,15,5,35,37,5,22,3,17,25,4,33,38,23,21,12,42,19,7,21,7,4,106,35,28,36,20,145,4,63,49,147,105,31,33,8,22,18,3,8,85,112,60,42,147,156,0,1060,248,733,523,18,198,70,261,196,121,111,332,17,85,51,348,82,750,7724,72,1794,1424,36,38,33,97,56,74,92,44,14,210,156,30,10,31,57,6,29,189,62,11,16,31,26,1,54,59,0,21,0,16,5,413,101,501,148,0,4,9,0,7,0,2,19,3,20,140,15,5,2,2,4,21437,34621,0,0,0,0,0,0,0,0,0,3922,10239,14161,70219
Activities Auxiliary To Financial Services And Insurance Activities ,0,0,0,4,1,6,3,7,0,1,9,4,8,4,0,20,0,4,11,0,0,4,10,54,9,46,0,4,15,17,5,6,13,55,20,5,4,5,19,15,17,23,5,20,14,5,6,1,3,20,4,9,7,10,79,0,437,51,541,292,18,68,220,154,51,32,10,89,26,12,143,667,52,1725,1826,1763,284,0,25,156,31,132,651,101,55,120,0,170,225,4,23,99,256,0,25,4,0,8,5,3,8,0,33,38,0,0,0,3,0,13,0,0,0,0,0,0,0,0,0,3,0,13,14,3,0,4,0,1,0,11298,1818,0,0,0,0,33,0,0,0,0,9036,11492,20528,33677
"Buying and selling, renting and operating of own or leased real estate, excluding imputed rent",67,0,0,0,12,5,1,16,6,0,6,5,46,47,4,12,9,10,21,26,18,18,57,22,3,4,2,5,6,12,17,72,18,13,19,11,114,2,28,28,38,45,14,52,7,47,6,6,6,19,148,76,44,7,191,2,1900,275,3984,6868,16,440,192,344,357,290,141,1055,37,29,294,395,24,2109,1341,64,732,150,47,155,33,69,74,219,80,33,6,97,193,134,11,94,68,45,46,28,0,22,111,73,16,2,67,219,0,28,0,35,9,2767,267,1327,201,11,21,53,0,4,0,7,8,12,35,21,0,11,4,1,4,29274,81184,0,0,0,0,0,0,0,0,0,307,306,613,111071
Owner-Occupiers' Housing,0,0,0,0,0,0,0,0,0,0,0,0,0,0,0,0,0,0,0,0,0,0,0,0,0,0,0,0,0,0,0,0,0,0,0,0,0,0,0,0,0,0,0,0,0,0,0,0,0,0,0,0,0,0,0,0,0,0,0,0,0,0,0,0,0,0,0,0,0,0,0,0,0,0,0,0,0,0,0,0,0,0,0,0,0,0,0,0,0,0,0,0,0,0,0,0,0,0,0,0,0,0,0,0,0,0,0,0,0,0,0,0,0,0,0,0,0,0,0,0,0,0,0,0,0,0,0,0,0,0,193954,0,0,0,0,0,0,0,0,0,227,226,194407,
Real estate services on a fee or contract basis ,0,0,0,0,0,0,0,0,0,0,0,0,0,0,0,0,0,0,0,0,0,0,0,0,0,0,0,0,0,0,0,0,0,0,0,0,0,0,0,0,0,0,0,0,0,0,0,0,0,0,0,0,0,0,0,0,41,0,0,4,2,0,0,0,0,0,0,1,0,0,0,3,1,36,203,1,24,31,17,1,0,9,0,0,1,0,0,1,6,0,0,12,2,0,0,0,0,0,0,0,0,0,0,9,0,0,0,0,4,3,10,0,0,0,0,0,0,0,0,0,0,2,0,0,0,0,0,0,0,425,25,0,0,0,0,7563,0,0,0,0,325,324,649,8662
Legal activities ,0,0,5,0,453,0,107,1,1,0,6,2,12,21,4,22,6,8,17,2,3,12,19,31,5,43,3,9,13,17,66,37,7,6,5,9,31,3,24,12,42,32,3,26,2,10,14,1,2,16,96,36,16,29,76,2,1400,207,943,319,66,236,217,107,271,74,104,310,14,79,147,965,205,2293,1412,256,436,557,106,1492,367,666,866,181,549,276,13,780,510,16,72,203,591,43,77,31,159,22,13,28,27,16,67,504,0,0,0,31,11,2370,11,1170,20,0,0,0,0,1,2,3,17,26,49,21,36,10,4,2,58,23559,332,0,0,0,0,3712,0,269,0,0,1783,3355,5138,33010
"Accounting, bookkeeping and auditing activities; tax consultancy ",36,0,3,1,55,1,24,19,9,3,10,11,29,23,6,21,10,15,54,6,6,11,15,48,6,23,7,22,19,25,97,38,11,6,5,13,37,5,13,12,70,54,15,88,3,24,24,2,5,26,118,52,13,15,51,0,828,222,743,720,36,240,84,73,289,52,138,406,12,70,107,572,62,2214,1033,99,375,0,58,649,4,374,1310,159,71,281,5,264,395,56,65,115,391,6,55,10,70,19,18,25,28,17,29,313,0,0,0,32,24,340,12,181,20,0,0,0,0,1,0,3,6,15,38,7,15,9,5,2,65,15245,21,0,0,0,0,17,0,-95,0,0,800,1505,2305,17493
Activities Of Head Offices; Management Consultancy Activities ,7,0,0,2,4,2,0,22,8,2,3,7,9,23,3,465,54,27,13,23,14,18,37,10,5,36,2,18,209,17,87,47,16,9,11,11,32,4,34,24,39,375,5,24,3,21,30,2,2,20,73,38,4,22,0,0,1417,493,650,4879,58,167,67,131,416,146,143,807,98,333,252,1685,144,7965,1738,140,759,0,19,167,112,4043,545,193,1867,344,1,191,1998,63,130,243,1360,21,116,10,28,65,111,145,93,7,64,130,0,41,0,47,22,1250,59,32,7,17,35,86,0,3,0,2,1,30,51,8,6,30,24,8,17,38302,0,0,0,0,0,606,0,0,0,0,2566,4829,7395,46303
Architectural And Engineering Activities; Technical Testing And Analysis ,26,0,0,3,136,7,31,20,254,3,19,21,34,37,9,109,34,30,104,7,15,39,69,37,11,59,8,21,7,29,118,110,26,20,40,23,46,18,166,24,182,84,20,687,12,44,44,9,72,62,342,101,50,0,42,5,4888,645,838,849,48,278,118,68,546,165,150,476,54,201,248,1522,241,1536,993,94,943,842,248,291,219,724,3671,413,531,643,15,636,1023,100,96,464,870,15,96,23,75,28,36,87,42,33,106,52,0,124,0,62,36,771,79,1185,20,0,0,20,0,5,0,5,21,60,60,16,20,13,18,4,111,32434,543,0,0,0,0,4622,0,168,0,33,2694,5071,7798,45565
Scientific Research And Development ,0,0,0,0,0,0,0,0,0,0,0,0,0,0,0,0,0,0,0,0,0,0,0,0,0,0,0,0,0,0,0,0,0,0,0,0,0,0,0,0,0,0,0,0,0,0,0,0,0,0,0,0,0,0,0,0,4,0,0,0,0,0,0,0,0,0,0,0,0,0,0,1,0,0,0,0,0,0,0,0,0,37,47,2878,0,43,0,23,45,0,0,0,386,2,39,37,0,0,0,0,0,0,0,0,0,0,0,0,8,100,0,1941,0,0,0,0,0,0,0,197,0,0,24,28,0,0,0,0,0,5841,0,0,0,0,0,25691,0,149,0,0,1978,3731,5709,37390
Advertising And Market Research ,52,1,4,3,78,4,11,50,128,11,53,168,100,313,19,243,124,82,66,26,50,51,66,45,5,19,4,40,175,54,217,56,34,32,23,18,49,11,99,50,30,154,9,36,10,26,55,1,5,40,217,105,7,6,103,3,767,544,1181,1646,107,502,179,180,621,366,234,744,415,207,568,1318,142,2391,1752,149,564,304,80,224,62,662,595,158,355,179,4,526,286,27,56,115,360,19,71,11,178,45,46,116,38,90,98,85,0,20,0,42,79,1098,34,101,22,0,17,38,0,2,0,1,5,14,45,8,35,21,11,4,351,24755,123,0,0,0,0,23,0,-329,0,0,2248,4230,6478,31050
"Other Professional, Scientific And Technical Activities ",1,0,2,0,11,1,1,15,7,1,3,5,1,12,1,5,5,3,6,0,1,1,4,31,3,28,2,3,8,120,31,2,4,1,5,3,90,9,162,0,12,25,5,25,3,1,3,2,3,26,24,9,3,4,14,2,378,106,122,126,20,90,18,29,104,63,35,118,7,36,28,314,38,371,421,34,120,0,15,86,8,386,215,222,12,1074,2,77,112,0,1,21,883,9,163,14,26,29,6,28,0,35,31,105,0,61,0,11,0,261,276,306,42,3,10,21,0,1,0,15,4,0,112,12,4,14,4,2,133,8181,821,0,0,0,0,0,0,145,21,11,4110,7734,11876,21023
Veterinary Activities ,178,0,0,0,0,0,0,0,0,0,0,0,0,0,0,0,0,0,0,0,0,0,0,0,0,0,0,0,0,0,1,0,0,0,0,0,0,0,0,0,0,0,0,0,0,0,0,0,0,0,2,0,0,0,0,0,0,0,4,1,0,0,0,0,0,0,1,0,0,0,0,2,0,0,0,0,2,0,0,0,0,0,0,1,8,0,90,3,0,0,0,0,0,0,2,5,3,0,0,0,48,0,0,0,0,0,0,0,2,2,0,0,0,0,0,0,0,0,0,0,126,0,2,3,1,0,0,4,0,492,2613,0,0,0,0,0,0,0,0,0,0,0,0,3105
Rental And Leasing Activities ,67,15,95,43,266,63,96,78,40,3,40,11,56,61,14,52,24,25,23,5,50,40,102,25,6,40,10,22,33,21,20,89,64,94,36,27,239,8,85,58,135,81,50,22,36,46,37,22,10,68,145,287,49,0,623,6,8930,878,480,251,1437,1235,10,26,840,171,22,132,83,60,60,335,26,114,347,70,103,49,15,75,28,80,94,81,86,42,7,948,174,125,12,43,91,3,64,19,18,19,9,8,13,13,25,150,0,192,0,89,6,117,700,536,86,0,4,14,0,0,0,2,9,5,49,14,5,8,2,1,46,23544,7789,0,0,0,0,0,0,0,0,0,300,566,866,32199
Employment Activities ,13,1,8,0,138,10,68,408,191,7,61,22,133,118,17,24,29,8,26,1,12,25,53,58,5,5,10,13,66,17,133,55,51,11,40,14,84,9,796,53,139,129,99,31,73,41,16,6,4,1055,248,214,53,61,242,3,1466,63,2065,930,58,548,90,111,564,204,207,626,455,340,196,2388,187,2175,1223,220,455,0,65,335,73,1747,696,564,542,260,26,343,6655,83,93,154,491,12,107,139,558,123,46,1,974,23,141,132,0,27,0,55,8,629,633,1508,406,9,22,50,0,2,0,26,36,19,62,104,215,57,16,83,72,38206,37,0,0,0,0,0,0,1140,0,0,1109,2087,3196,42579
"Travel Agency, Tour Operator And Other Reservation Service And Related Activities ",19,0,8,0,1,3,0,12,8,1,6,5,22,13,5,31,0,7,5,4,7,12,11,0,0,0,0,0,1,0,0,2,0,0,2,0,1,2,14,18,60,93,0,77,1,11,17,0,6,27,70,43,0,19,0,0,147,802,467,1110,28,1763,1260,1131,290,266,336,1136,8,107,336,209,13,794,0,225,112,0,22,50,76,30,7,78,12,5,0,102,301,3599,1,2,8,3,255,27,13,9,25,8,0,0,0,0,0,0,0,32,4,9,0,2,0,0,0,0,0,0,0,0,0,0,206,19,2,4,0,0,0,16096,948,0,0,0,0,0,0,0,0,0,64,87,151,17195
Security And Investigation Activities ,0,0,0,0,0,0,0,0,0,0,0,0,0,0,0,0,0,0,1,0,0,0,1,0,0,0,0,0,0,0,0,0,0,0,1,0,0,0,0,0,0,0,0,0,0,0,0,0,0,0,0,0,0,11,2,0,999,69,177,117,9,40,12,3,74,31,19,49,2,36,27,265,32,1453,22,22,38,13,1,22,7,15,1,72,6,658,0,46,7,63,213,57,6,8,20,3,0,14,15,29,21,3,23,26,0,108,0,5,16,467,331,322,165,7,18,40,0,0,0,3,0,7,12,2,0,6,27,2,11,6406,73,0,0,0,0,0,0,84,0,0,63,118,181,6744
Services To Buildings And Landscape Activities ,0,0,1,0,2,0,1,0,0,0,0,0,0,0,0,40,2,4,3,0,10,11,12,23,5,22,2,2,9,7,25,28,8,2,10,7,1,2,18,9,23,25,3,15,2,7,7,1,1,14,20,14,0,0,4,2,930,151,679,492,19,168,37,125,193,46,146,473,10,182,69,924,86,765,632,85,843,0,78,112,32,931,231,137,108,279,8,123,118,6,185,2807,59,9,112,13,65,168,61,47,64,17,56,79,0,145,0,19,3,482,485,732,149,20,37,98,0,4,0,5,11,363,81,9,13,76,96,6,68,16267,16,0,0,0,0,10,0,102,0,0,112,211,323,16718
"Office Administrative, Office Support And Other Business Support Activities ",11,0,5,0,12,3,4,0,53,2,12,7,3,15,3,18,10,6,9,0,1,5,14,53,4,31,4,1,6,12,59,32,16,7,16,15,1,2,39,11,13,38,10,22,3,6,4,2,3,21,37,14,2,8,39,5,920,406,1060,739,50,426,24,73,390,54,120,467,13,267,118,505,154,987,512,96,296,0,11,228,31,1325,297,94,76,464,6,249,66,33,17,37,3635,14,69,44,138,74,38,139,77,25,57,92,0,36,0,44,59,97,96,135,48,3,8,6,0,2,0,6,11,2,29,34,22,41,20,8,75,16526,372,0,0,0,0,899,0,0,0,0,8546,16083,24629,42426
Public Administration And Defence; Compulsory Social Security ,1,0,0,0,1,0,0,1,1,0,0,1,1,1,0,3,1,1,0,0,0,1,0,1,0,0,0,1,1,1,7,2,1,0,1,1,4,0,1,1,2,3,0,2,1,1,1,0,0,1,2,0,1,0,7,0,99,2,6,20,11,107,2,6,2,7,2,7,1,2,1,0,0,8,4,1,248,1,0,0,0,10,181,10,1,8,0,2,8,0,1,2,3,0,0,3,0,1,0,1,1,0,0,1,0,0,0,0,0,24,0,3,0,0,0,0,0,2,0,0,0,0,0,2,0,0,0,0,0,857,244,0,0,0,0,279,0,0,0,0,58,77,135,1515
Education ,9,0,0,0,7,0,1,1,1,1,5,3,10,22,2,8,12,8,4,2,3,7,6,15,2,18,4,9,13,12,45,15,7,6,5,5,31,3,23,11,33,38,4,41,2,8,11,1,3,14,57,22,7,27,83,0,238,36,221,159,30,75,17,80,189,205,46,203,9,71,244,419,10,1180,548,76,218,0,6,651,208,166,375,498,239,45,10,44,174,31,12,46,37,66,1350,186,187,20,10,21,28,13,25,116,0,0,0,20,16,4635,6520,0,272,0,0,0,0,1,0,9,14,5,1089,136,44,9,4,3,53,22359,13388,0,0,0,0,0,0,-87,0,0,1548,5256,6804,42464
Human Health Activities,0,0,2,0,11,0,2,0,11,0,1,1,3,1,0,2,0,2,2,0,2,1,1,6,1,1,1,3,2,2,8,5,0,1,1,5,4,1,5,2,4,4,2,2,0,4,1,0,0,3,19,5,3,0,5,0,20,6,26,5,1,5,2,2,3,5,2,9,1,1,5,10,2,30,292,3,31,0,2,3,4,10,3,17,4,3,24,4,5,1,0,11,3,3,11,190,31,0,0,2,0,1,0,26,0,10,0,0,3,177,0,325,0,0,0,0,0,0,0,0,34,1,8,132,9,0,0,0,3,1662,9000,19588,0,19588,0,0,0,0,0,0,86,292,378,30628
Residential Care & Social Work Activities,0,0,0,0,3,0,0,0,0,0,0,0,0,0,0,5,0,0,0,0,0,3,26,0,0,0,0,0,0,0,0,0,0,0,0,0,0,0,4,0,0,0,0,0,0,0,2,0,0,1,0,0,0,1,0,0,15,12,2,28,0,6,0,0,9,0,14,26,127,1,0,9,0,4,1,0,3,0,0,0,0,0,0,17,64,0,83,5,0,0,0,2,5,0,38,216,887,19,0,5,26,8,0,24,0,0,0,0,0,8,0,494,3808,0,0,0,0,0,0,0,119,0,32,157,206,9,0,2,30,6570,6160,16367,0,0,16367,0,0,0,0,0,4,4,8,29105
"Creative, Arts And Entertainment Activities ",0,0,0,0,0,0,0,0,0,0,0,0,0,0,0,0,0,0,0,0,0,0,0,0,0,0,0,0,0,0,0,0,0,0,1,0,0,0,0,0,0,0,0,0,0,0,0,0,0,0,0,0,0,0,0,0,0,0,0,0,0,0,0,4,0,0,0,0,0,3,1,0,0,1,0,1,0,0,0,3,1,1,0,3,0,0,0,0,1,0,0,0,0,2,0,0,0,0,0,0,0,0,0,4,0,0,0,0,0,0,0,1,0,0,0,0,0,0,0,0,0,0,0,0,14,1,2,0,0,44,2448,0,0,0,0,435,0,17,112,4948,143,428,5631,8575
"Libraries, Archives, Museums And Other Cultural Activities ",0,0,0,0,0,0,0,0,0,0,0,0,0,0,0,0,0,0,0,0,0,1,8,0,0,0,0,0,0,0,0,0,0,0,0,0,0,0,0,0,0,0,0,0,0,0,1,0,0,0,0,0,0,0,0,0,1,0,1,0,0,0,0,3,0,0,0,1,96,135,0,4,0,0,4,0,1,0,0,3,4,13,0,8,60,3,0,0,28,0,0,0,22,3,18,4,31,9,78,0,45,7,0,4,0,10,0,0,0,157,45,61,20,12,35,84,0,0,0,0,0,0,14,2,9,6,210,5,30,1297,1620,0,0,0,0,0,-111,1450,9,1073,82,247,1411,5667
Gambling And Betting Activities ,0,0,0,0,0,0,0,0,0,0,0,0,0,0,0,0,0,0,0,0,0,0,0,0,0,0,0,0,0,0,0,0,0,0,0,0,0,0,0,0,0,0,0,0,0,0,0,0,0,0,0,0,0,0,0,0,9,0,0,0,0,0,0,0,0,0,49,33,0,0,0,9,29,137,0,1,4,0,0,0,0,0,0,3,0,1,0,2,3,0,0,1,1,0,0,0,0,0,0,378,1,265,0,0,0,0,0,0,0,0,0,0,0,0,0,0,0,0,0,0,0,0,0,0,0,0,0,12,1043,1982,10208,0,0,0,0,0,0,851,0,0,28,84,112,13153
Sports Activities And Amusement And Recreation Activities ,2,3,0,0,34,3,12,2,0,3,0,1,0,0,0,0,0,2,0,0,0,2,2,0,0,0,0,0,0,0,1,0,6,4,0,1,4,0,0,0,0,0,0,3,6,0,3,0,0,2,6,1,0,0,1,0,28,5,10,6,0,1,0,0,5,5,0,4,5,10,3,13,1,36,53,3,15,0,0,4,4,9,6,18,13,6,0,4,15,79,3,14,7,2,4,4,5,0,1,5,0,14,0,9,0,5,0,0,21,48,21,0,14,0,10,9,0,0,0,1,0,1,3,2,2,0,1,0,41,715,6410,0,0,0,0,0,0,0,0,0,72,214,286,7411
Activities Of Membership Organisations ,0,11,0,0,0,0,0,2,0,0,0,0,6,2,2,12,0,0,4,0,1,3,5,11,1,2,2,3,4,2,13,5,0,0,0,2,8,1,6,2,10,10,1,6,1,2,3,0,1,4,14,7,1,0,3,0,43,4,41,35,6,26,3,14,98,25,24,172,4,960,106,47,33,325,55,17,20,0,1,11,12,19,29,33,244,80,0,15,309,11,29,64,102,2,58,8,309,263,103,374,483,291,4,15,0,0,0,11,71,178,22,0,0,0,0,21,0,0,0,0,0,8,46,6,81,119,78,43,1197,6979,1217,0,0,0,0,0,0,0,0,0,0,0,0,8196
Repair Of Computers And Personal And Household Goods ,1,0,0,0,2,0,1,0,0,0,0,0,0,0,0,0,0,0,2,0,0,0,2,0,0,0,0,0,0,1,0,0,1,0,0,0,0,0,10,2,0,1,0,0,0,0,0,0,0,12,0,0,0,0,5,0,3,0,48,47,0,26,4,30,14,4,8,11,2,14,0,18,2,100,0,1,3,11,2,3,5,7,17,30,4,2,0,8,18,2,1,2,5,15,53,9,5,1,2,6,3,1,40,3,0,16,0,0,0,697,46,362,76,0,6,16,0,0,0,0,0,0,39,7,2,0,0,0,2,1898,3065,0,0,0,0,0,0,0,0,0,295,885,1180,6143
Other Personal Service Activities ,0,4,23,0,8,0,4,0,0,0,0,0,0,3,0,12,0,0,0,0,0,0,5,3,1,3,1,1,0,0,4,1,3,3,0,6,6,1,10,0,4,0,0,18,2,4,5,0,1,4,19,6,0,0,29,2,29,0,28,162,9,22,44,111,37,134,48,342,11,89,77,68,8,342,24,12,15,0,11,14,33,38,84,33,112,36,7,233,112,3,17,19,2,6,49,35,353,17,11,17,23,2,1,310,0,0,0,4,16,357,2,304,6,0,0,0,0,0,0,0,10,3,40,25,79,8,5,2,6,4253,18706,0,0,0,0,0,0,0,0,0,59,178,237,23196
Activities Of Households As Employers Of Domestic Personnel ,0,0,0,0,0,0,0,0,0,0,0,0,0,0,0,0,0,0,0,0,0,0,0,0,0,0,0,0,0,0,0,0,0,0,0,0,0,0,0,0,0,0,0,0,0,0,0,0,0,0,0,0,0,0,0,0,0,0,0,0,0,0,0,0,0,0,0,0,0,0,0,0,0,0,0,0,0,0,0,0,0,0,0,0,0,0,0,0,0,0,0,0,0,0,0,0,0,0,0,0,0,0,0,0,0,0,0,0,0,0,0,0,0,0,0,0,0,0,0,0,0,0,0,0,0,0,0,0,0,0,6658,0,0,0,0,0,0,0,0,0,9,9,18,6676
"Waste Collection, Treatment And Disposal Activities; Materials Recovery non-market",2,0,3,0,2,0,0,8,4,0,2,0,2,3,1,1,0,1,8,0,1,3,1,1,1,5,1,1,1,0,3,1,3,1,20,1,1,0,1,1,1,2,1,2,0,2,1,0,0,0,1,0,2,70,88,0,32,10,18,13,2,16,3,8,5,6,8,21,2,7,5,12,0,0,4,6,5,3,3,3,3,2,6,12,12,3,1,10,5,1,2,24,6,4,3,57,10,3,1,2,8,1,2,10,0,366,0,0,0,204,4,27,0,0,0,0,0,0,0,0,2,3,3,42,2,1,0,1,1,1289,0,6166,0,0,6166,0,0,0,0,0,0,0,0,7455
"Land transport services and transport services via pipelines, excluding rail transport non-market",0,0,0,0,0,0,0,0,0,0,0,0,0,0,0,0,0,0,0,0,0,0,0,0,0,0,0,0,0,0,0,0,0,0,0,0,0,0,0,0,0,0,0,0,0,0,0,0,0,0,0,0,0,0,0,0,0,0,0,0,0,0,0,0,0,0,0,0,0,0,0,0,0,0,0,0,0,0,0,0,0,0,0,0,0,0,0,0,0,0,0,0,0,0,0,0,0,0,0,0,0,0,0,0,0,0,0,0,0,0,0,0,0,0,0,0,0,0,0,0,0,0,0,0,0,0,0,0,0,0,450,100,0,0,100,0,0,0,0,0,0,0,0,550
Warehousing And Support Activities For Transportation non-market,1,0,1,0,2,1,0,1,1,1,1,1,1,2,1,2,2,0,6,0,0,0,4,2,0,1,0,1,2,3,4,4,2,1,3,1,3,0,2,1,4,8,1,6,0,2,1,0,1,1,8,6,2,2,5,0,63,54,760,87,221,126,107,19,799,30,4,42,0,4,26,44,1,110,49,13,24,0,6,4,1,9,15,16,2,5,0,31,43,0,3,15,25,0,24,2,6,2,2,2,2,1,3,4,0,1,0,81,1,16,0,0,0,0,0,0,0,0,0,0,0,2,20,1,2,1,0,0,2,3035,0,2290,0,2290,0,0,0,0,0,0,0,0,0,5325
"Motion Picture, Video & TV Programme Production, Sound Recording & Music Publishing Activities & Programming And Broadcasting Activities non-market",0,0,0,0,0,0,0,0,0,0,0,0,0,0,0,0,0,0,0,0,0,0,0,0,0,0,0,0,0,0,0,0,0,0,0,0,0,0,0,0,0,0,0,0,0,0,0,0,0,0,0,0,0,0,0,0,0,0,0,0,0,0,0,0,0,0,0,0,0,0,0,0,0,0,0,0,0,0,0,0,0,0,0,0,0,0,0,0,0,0,0,0,0,0,0,0,0,0,0,0,0,0,0,0,0,0,0,0,0,0,0,0,0,0,0,0,0,0,0,0,0,0,0,0,0,0,0,0,0,0,0,2899,0,2899,0,0,0,0,0,0,0,0,0,2899
Public Administration And Defence; Compulsory Social Security non-market,13,3,0,3,7,6,2,7,10,2,2,13,9,11,6,40,7,12,5,7,6,15,6,23,4,7,5,11,17,16,98,29,8,2,15,20,57,4,12,11,37,48,4,26,6,15,15,2,4,14,21,9,21,0,89,0,1431,21,88,291,161,1557,22,78,21,106,26,108,10,24,16,4,6,120,56,11,3606,8,3,5,6,149,2636,148,12,115,2,28,121,2,10,28,52,4,4,40,0,8,9,16,11,1,6,14,0,0,0,1,0,312,0,48,0,0,0,0,0,22,0,1,3,3,2,30,0,4,4,1,5,12480,3150,122466,0,87218,35248,2300,0,0,0,0,200,800,1000,141396
Education non-market,1,0,0,0,1,0,0,0,0,0,1,0,1,2,0,1,1,1,0,0,0,1,0,1,0,2,1,1,1,1,5,2,1,1,1,0,3,0,2,1,4,4,0,5,0,1,1,0,0,1,6,2,1,3,9,0,26,4,24,17,3,8,2,9,21,22,5,22,1,8,27,46,1,129,60,8,24,0,1,72,23,18,41,54,27,5,1,5,19,3,1,5,4,7,148,20,21,2,1,3,3,1,3,13,0,0,0,2,2,508,718,0,30,0,0,0,0,0,0,1,1,1,119,15,5,1,0,0,6,2449,2400,59412,0,16850,42562,0,0,0,0,0,0,0,0,64261
Human Health Activities non-market,0,0,0,0,0,0,0,0,0,0,0,0,0,0,0,0,0,0,0,0,0,0,0,0,0,0,0,0,0,0,0,0,0,0,0,0,0,0,0,0,0,0,0,0,0,0,0,0,0,0,0,0,0,0,0,0,0,0,0,0,0,0,0,0,0,0,0,0,0,0,0,0,0,0,0,0,0,0,0,0,0,0,0,0,0,0,0,0,0,0,0,0,0,0,0,0,0,0,0,0,0,0,0,0,0,0,0,0,0,0,0,0,0,0,0,0,0,0,0,0,0,0,0,0,0,0,0,0,0,0,4119,102428,0,98998,3430,0,0,0,0,0,0,0,0,106547
Residential Care & Social Work Activities non-market,0,0,0,0,2,0,0,0,0,0,0,0,0,0,0,4,0,0,0,0,0,2,16,0,0,0,0,0,0,0,0,0,0,0,0,0,0,0,2,0,0,0,0,0,0,0,1,0,0,0,0,0,0,0,0,0,9,8,1,17,0,3,0,0,6,0,9,16,78,1,0,5,0,2,1,0,2,0,0,0,0,0,0,10,39,0,50,3,0,0,0,1,3,0,23,131,540,12,0,3,16,5,0,14,0,0,0,0,0,5,0,300,2320,0,0,0,0,0,0,0,72,0,19,96,126,6,0,2,18,4000,3888,15135,0,276,14859,0,0,0,0,0,0,0,0,23023
"Creative, Arts And Entertainment Activities non-market",0,0,0,0,0,0,0,0,0,0,0,0,0,0,0,0,0,0,0,0,0,0,0,0,0,0,0,0,0,0,0,0,0,0,0,0,0,0,0,0,0,0,0,0,0,0,0,0,0,0,0,0,0,0,0,0,0,0,0,0,0,0,0,0,0,0,0,0,0,0,0,0,0,0,0,0,0,0,0,0,0,0,0,0,0,0,0,0,0,0,0,0,0,0,0,0,0,0,0,0,0,0,0,0,0,0,0,0,0,0,0,0,0,0,0,0,0,0,0,0,0,0,0,0,0,0,0,0,0,0,145,207,0,0,207,0,0,0,0,0,0,0,0,352
"Libraries, Archives, Museums And Other Cultural Activities non-market",0,0,0,0,0,0,0,0,0,0,0,0,0,0,0,0,0,0,0,0,0,0,0,0,0,0,0,0,0,0,0,0,0,0,0,0,0,0,0,0,0,0,0,0,0,0,0,0,0,0,0,0,0,0,0,0,0,0,0,0,0,0,0,0,0,0,0,0,0,0,0,0,0,0,0,0,0,0,0,0,0,0,0,0,0,0,0,0,0,0,0,0,0,0,0,0,0,0,0,0,0,0,0,0,0,0,0,0,0,0,0,0,0,0,0,0,0,0,0,0,0,0,0,0,0,0,0,0,0,0,273,1488,0,0,1488,0,0,0,0,0,0,0,0,1761
Sports Activities And Amusement And Recreation Activities non-market,0,0,0,0,0,0,0,0,0,0,0,0,0,0,0,0,0,0,0,0,0,0,0,0,0,0,0,0,0,0,0,0,0,0,0,0,0,0,0,0,0,0,0,0,0,0,0,0,0,0,0,0,0,0,0,0,0,0,0,0,0,0,0,0,0,0,0,0,0,0,0,0,0,0,0,0,0,0,0,0,0,0,0,0,0,0,0,0,0,0,0,0,0,0,0,0,0,0,0,0,0,0,0,0,0,0,0,0,0,0,0,0,0,0,0,0,0,0,0,0,0,0,0,0,0,0,0,0,0,0,1021,2400,0,0,2400,0,0,0,0,0,0,0,0,3421
Financial Services NPISH,0,0,0,0,0,0,0,0,0,0,0,0,0,0,0,0,0,0,0,0,0,0,0,0,0,0,0,0,0,0,0,0,0,0,0,0,0,0,0,0,0,0,0,0,0,0,0,0,0,0,0,0,0,0,0,0,0,0,0,0,0,0,0,0,0,0,0,0,0,0,0,0,0,0,0,0,0,0,0,0,0,0,0,0,0,0,0,0,0,0,0,0,0,0,0,0,0,0,0,0,0,0,0,0,0,0,0,0,0,0,0,0,0,0,0,0,0,0,0,0,0,0,0,0,0,0,0,0,0,0,357,0,0,0,0,0,0,0,0,0,0,0,0,357
Real Estate services NPISH,0,0,0,0,0,0,0,0,0,0,0,0,0,0,0,0,0,0,0,0,0,0,0,0,0,0,0,0,0,0,0,0,0,0,0,0,0,0,0,0,0,0,0,0,0,0,0,0,0,0,0,0,0,0,0,0,0,0,0,0,0,0,0,0,0,0,0,0,0,0,0,0,0,0,0,0,0,0,0,0,0,0,0,0,0,0,0,0,0,0,0,0,0,0,0,0,0,0,0,0,0,0,0,0,0,0,0,0,0,0,0,0,0,0,0,0,0,0,0,0,0,0,0,0,0,0,0,0,0,0,101,286,286,0,0,0,0,0,0,0,0,0,0,387
Legal services NPISH,0,0,0,0,0,0,0,0,0,0,0,0,0,0,0,0,0,0,0,0,0,0,0,0,0,0,0,0,0,0,0,0,0,0,0,0,0,0,0,0,0,0,0,0,0,0,0,0,0,0,0,0,0,0,0,0,0,0,0,0,0,0,0,0,0,0,0,0,0,0,0,0,0,0,0,0,0,0,0,0,0,0,0,0,0,0,0,0,0,0,0,0,0,0,0,0,0,0,0,0,0,0,0,0,0,0,0,0,0,0,0,0,0,0,0,0,0,0,0,0,0,0,0,0,0,0,0,0,0,0,54,19,19,0,0,0,0,0,0,0,0,0,0,73
Scientific Research And Development NPISH,0,0,0,0,0,0,0,0,0,0,0,0,0,0,0,0,0,0,0,0,0,0,0,0,0,0,0,0,0,0,0,0,0,0,0,0,0,0,0,0,0,0,0,0,0,0,0,0,0,0,0,0,0,0,0,0,0,0,0,0,0,0,0,0,0,0,0,0,0,0,0,0,0,0,0,0,0,0,0,0,0,1,1,43,0,1,0,0,1,0,0,0,6,0,1,1,0,0,0,0,0,0,0,0,0,0,0,0,0,2,0,29,0,0,0,0,0,0,0,3,0,0,0,0,0,0,0,0,0,88,0,838,838,0,0,0,0,0,0,0,0,0,0,926
Veterinary Activities NPISH,0,0,0,0,0,0,0,0,0,0,0,0,0,0,0,0,0,0,0,0,0,0,0,0,0,0,0,0,0,0,0,0,0,0,0,0,0,0,0,0,0,0,0,0,0,0,0,0,0,0,0,0,0,0,0,0,0,0,0,0,0,0,0,0,0,0,0,0,0,0,0,0,0,0,0,0,0,0,0,0,0,0,0,0,0,0,0,0,0,0,0,0,0,0,0,0,0,0,0,0,0,0,0,0,0,0,0,0,0,0,0,0,0,0,0,0,0,0,0,0,0,0,0,0,0,0,0,0,0,0,44,1470,1470,0,0,0,0,0,0,0,0,0,0,1514
Services To Buildings And Landscape Activities NPISH,0,0,0,0,0,0,0,0,0,0,0,0,0,0,0,0,0,0,0,0,0,0,0,0,0,0,0,0,0,0,0,0,0,0,0,0,0,0,0,0,0,0,0,0,0,0,0,0,0,0,0,0,0,0,0,0,8,1,6,4,0,1,0,1,2,0,1,4,0,2,1,8,1,7,5,1,7,0,1,1,0,9,2,1,1,2,0,1,1,0,2,25,0,0,1,0,1,1,0,1,1,0,0,1,0,1,0,0,0,4,4,6,1,0,0,1,0,0,0,0,0,9,1,0,0,1,1,0,1,142,0,1179,1179,0,0,0,0,0,0,0,0,0,0,1321
Education NPISH,0,0,0,0,0,0,0,0,0,0,0,0,0,0,0,0,0,0,0,0,0,0,0,0,0,0,0,0,0,0,0,0,0,0,0,0,0,0,0,0,0,0,0,0,0,0,0,0,0,0,0,0,0,0,0,0,0,0,0,0,0,0,0,0,0,0,0,0,0,0,0,0,0,0,0,0,0,0,0,0,0,0,0,0,0,0,0,0,0,0,0,0,0,0,0,0,0,0,0,0,0,0,0,0,0,0,0,0,0,0,0,0,0,0,0,0,0,0,0,0,0,0,0,0,0,0,0,0,0,0,600,23701,23701,0,0,0,0,0,0,0,0,0,0,24301
Human Health Activities NPISH,0,0,0,0,0,0,0,0,0,0,0,0,0,0,0,0,0,0,0,0,0,0,0,0,0,0,0,0,0,0,0,0,0,0,0,0,0,0,0,0,0,0,0,0,0,0,0,0,0,0,0,0,0,0,0,0,0,0,0,0,0,0,0,0,0,0,0,0,0,0,0,0,0,0,0,0,0,0,0,0,0,0,0,0,0,0,0,0,0,0,0,0,0,0,0,0,0,0,0,0,0,0,0,0,0,0,0,0,0,0,0,0,0,0,0,0,0,0,0,0,0,0,0,0,0,0,0,0,0,0,1234,5342,5342,0,0,0,0,0,0,0,0,0,0,6576
Residential Care & Social Work Activities NPISH,0,0,0,0,0,0,0,0,0,0,0,0,0,0,0,0,0,0,0,0,0,0,0,0,0,0,0,0,0,0,0,0,0,0,0,0,0,0,0,0,0,0,0,0,0,0,0,0,0,0,0,0,0,0,0,0,0,0,0,0,0,0,0,0,0,0,0,0,0,0,0,0,0,0,0,0,0,0,0,0,0,0,0,0,0,0,0,0,0,0,0,0,0,0,0,0,0,0,0,0,0,0,0,0,0,0,0,0,0,0,0,0,0,0,0,0,0,0,0,0,0,0,0,0,0,0,0,0,0,0,2459,6135,6135,0,0,0,0,0,0,0,0,0,0,8594
"Creative, Arts And Entertainment Activities NPISH",0,0,0,0,0,0,0,0,0,0,0,0,0,0,0,0,0,0,0,0,0,0,0,0,0,0,0,0,0,0,0,0,0,0,0,0,0,0,0,0,0,0,0,0,0,0,0,0,0,0,0,0,0,0,0,0,0,0,0,0,0,0,0,0,0,0,0,0,0,0,0,0,0,0,0,0,0,0,0,0,0,0,0,0,0,0,0,0,0,0,0,0,0,0,0,0,0,0,0,0,0,0,0,0,0,0,0,0,0,0,0,0,0,0,0,0,0,0,0,0,0,0,0,0,0,0,0,0,0,0,201,1988,1988,0,0,0,0,0,0,0,0,0,0,2189
"Libraries, archives, museums and other cultural services NPISH",0,0,0,0,0,0,0,0,0,0,0,0,0,0,0,0,0,0,0,0,0,0,0,0,0,0,0,0,0,0,0,0,0,0,0,0,0,0,0,0,0,0,0,0,0,0,0,0,0,0,0,0,0,0,0,0,0,0,0,0,0,0,0,0,0,0,0,0,0,0,0,0,0,0,0,0,0,0,0,0,0,0,0,0,0,0,0,0,0,0,0,0,0,0,0,0,0,0,0,0,0,0,0,0,0,0,0,0,0,0,0,0,0,0,0,0,0,0,0,0,0,0,0,0,0,0,0,0,0,0,347,2184,2184,0,0,0,0,0,0,0,0,0,0,2531
Sports Activities And Amusement And Recreation Activities NPISH,0,0,0,0,0,0,0,0,0,0,0,0,0,0,0,0,0,0,0,0,0,0,0,0,0,0,0,0,0,0,0,0,0,0,0,0,0,0,0,0,0,0,0,0,0,0,0,0,0,0,0,0,0,0,0,0,0,0,0,0,0,0,0,0,0,0,0,0,0,0,0,0,0,0,0,0,0,0,0,0,0,0,0,0,0,0,0,0,0,0,0,0,0,0,0,0,0,0,0,0,0,0,0,0,0,0,0,0,0,0,0,0,0,0,0,0,0,0,0,0,0,0,0,0,0,0,0,0,0,0,152,358,358,0,0,0,0,0,0,0,0,0,0,510
Activities Of Membership Organisations NPISH,0,1,0,0,0,0,0,0,0,0,0,0,1,0,0,1,0,0,0,0,0,0,1,1,0,0,0,0,0,0,2,1,0,0,0,0,1,0,1,0,2,2,0,1,0,0,0,0,0,0,2,0,0,0,1,0,6,1,5,5,1,4,0,2,14,4,3,24,1,134,15,6,5,46,8,2,3,0,0,1,1,3,5,5,34,11,0,2,43,1,3,9,15,0,9,1,43,36,14,52,68,40,0,2,0,0,0,1,10,25,3,0,0,0,0,3,0,0,0,0,0,1,6,1,11,17,11,6,177,978,700,13066,13066,0,0,0,0,0,0,0,0,0,0,14744
Total Consumption,10721,551,1052,427,8367,2054,1391,11068,5372,595,5592,3175,5129,6819,2807,4388,2865,1286,1964,449,3132,3707,4271,3960,1200,5917,836,983,3354,1524,4228,6034,3132,4351,3779,2671,9141,1243,6187,4038,10643,17003,2527,8155,1165,3214,2870,445,1811,5099,44330,19889,2016,2611,5218,107,144956,19874,57869,51423,6642,20305,8882,6407,19945,6911,9450,29350,6130,8760,12326,21597,2619,49408,38844,10378,37434,26514,2020,8294,3088,15765,17696,11699,10927,7074,625,11239,18563,5967,2119,6938,12694,787,5589,3015,7994,2263,1761,2798,2978,1357,1843,4418,0,3785,388,1979,1016,43531,15902,24119,10789,150,518,1471,0,205,2,348,877,882,4315,2204,2066,1091,814,269,5000,1164118,924599,412724,56566,233331,122827,256962,27,7714,118946,129523,90098,133970,472537,3238681
Imports of goods and services,2899,57,228,99,1046,526,273,1377,793,433,754,780,810,1908,1142,934,231,1689,720,262,1664,4022,1630,11450,899,4601,554,840,985,1778,4900,6169,1464,1144,2664,4251,5665,801,5052,3201,7286,16420,594,4921,441,991,1455,115,512,2752,7249,5272,225,344,666,13,14522,5642,12258,6925,405,3845,1899,3820,1950,1736,2990,8527,844,1875,8730,7487,751,12947,6666,1665,2291,2506,204,821,579,3708,2446,4068,1796,2056,104,1530,2188,551,491,1071,5890,113,776,458,3068,909,304,1405,881,155,591,1512,0,1065,7,205,355,11091,2320,13534,688,55,129,441,0,1,1,48,147,139,573,299,1382,380,103,50,835,311753,147904,4859,0,4859,0,46163,-226,-902,11869,19749,2301,3124,37043,546594
Taxes less subsidies on products,503,-8,132,48,83,86,23,7,19,5,11,6,90,64,42,124,22,13,36,4,39,76,32,1288,86,275,38,18,31,56,39,154,73,134,342,80,152,12,69,54,181,151,28,95,15,64,47,6,16,58,919,370,61,90,73,26,8739,314,1332,1183,162,1426,242,1218,88,1069,1394,3524,22,69,261,488,87,5293,2591,920,1080,652,11,65,51,114,224,372,105,86,3,244,210,69,25,77,883,10,875,615,546,82,26,558,101,100,24,672,0,987,-10,14,5,9355,2666,7676,2248,46,147,451,0,3,0,5,5,8,619,485,219,9,4,9,959,70771,106412,11,0,0,11,16307,35,234,3327,3338,1470,1895,10030,203800
Taxes less subsidies on production,-1712,1,15,2,73,41,24,17,16,-6,5,-1,45,53,0,53,-1,27,9,-5,54,72,82,82,17,43,-4,-4,17,6,19,130,65,63,76,14,256,-2,89,50,157,101,7,28,-3,68,44,-5,2,73,1079,630,544,156,160,21,1564,910,1584,6199,161,584,85,-1,873,190,928,2277,52,-285,443,424,21,2173,480,287,-271,0,329,420,113,531,303,177,212,136,-24,360,189,132,36,73,458,0,326,142,253,42,90,181,343,124,43,297,0,0,0,0,0,0,0,0,0,0,0,0,0,0,0,0,0,0,0,0,0,0,0,0,0,26805,0,0,0,0,0,0,0,0,0,0,0,0,0,26805
labour,4200,166,160,175,3374,1595,623,2824,2397,203,743,844,3368,3670,491,1678,530,1804,1511,372,1564,2930,2811,2222,446,1632,408,826,1515,966,3886,6300,1787,1579,1256,1133,10888,1019,5832,3251,6833,7898,1430,3893,661,2206,2414,233,922,3525,4083,3762,1355,1805,2066,138,56317,20211,39008,48358,4109,15710,4118,3876,11242,7605,9001,30474,5211,5527,13429,33505,3498,38622,6770,15831,11854,0,3505,9498,7656,17300,16991,13323,9989,7434,1491,10265,13698,6397,2277,5080,14821,604,29722,7981,11485,1467,1866,3033,1473,3902,2811,4637,6641,1406,156,1952,1443,56374,40352,58310,9016,73,875,781,107,172,63,310,444,252,12058,3583,4911,709,1606,182,7497,928459,0,0,0,0,0,0,0,0,0,0,0,0,0,928459
Gross operating surplus,6910,302,381,-27,9982,834,1759,311,652,206,809,314,715,1598,382,2208,534,681,1217,300,1204,1011,1125,728,622,1674,255,479,1713,399,6970,2499,748,682,725,979,2715,1277,1863,1296,2049,3701,366,2667,551,1848,2012,83,375,1656,11180,6301,2744,2435,2216,8,51596,9200,15900,24873,563,9608,2122,4561,2499,2220,4423,12233,3052,7404,13022,15144,2094,27027,14869,4596,58682,164735,2593,13912,6005,8885,7905,7751,8022,4238,905,8561,7731,4078,1797,3480,7681,0,5175,18416,5760,3812,1620,5178,1635,2558,831,11660,35,212,9,1175,80,21045,3021,2908,282,28,92,277,250,6,7,215,41,40,6736,5,16,0,4,0,453,736775,0,0,0,0,0,0,0,0,0,0,0,0,0,736775
Output,23521,1069,1968,723,22925,5136,4092,15603,9250,1437,7914,5118,10157,14112,4864,9384,4181,5500,5457,1383,7656,11818,9950,19729,3270,14142,2087,3142,7616,4729,20041,21287,7268,7953,8842,9127,28817,4350,19092,11891,27149,45274,4953,19759,2830,8392,8842,877,3638,13164,68839,36224,6944,7443,10399,312,277695,56152,127951,138962,12042,51479,17348,19882,36597,19731,28185,86384,15311,23348,48211,78645,9070,135470,70219,33677,111071,194407,8662,33010,17493,46303,45565,37390,31050,21023,3105,32199,42579,17195,6744,16718,42426,1515,42464,30628,29105,8575,5667,13153,7411,8196,6143,23196,6676,7455,550,5325,2899,141396,64261,106547,23023,352,1761,3421,357,387,73,926,1514,1321,24301,6576,8594,2189,2531,510,14744,3238681,1178915,417594,56566,238190,122838,319432,-164,7046,134142,152610,93869,138989,519610,5681114
