Product,"Crop And Animal Production, Hunting And Related Service Activities",Forestry And Logging,Fishing And Aquaculture,Mining Of Coal And Lignite,Extraction Of Crude Petroleum And Natural Gas  & Mining Of Metal Ores,Other Mining And Quarrying,Mining Support Service Activities,Processing and preserving of meat and production of meat products,"Processing and preserving of fish, crustaceans, molluscs, fruit and vegetables",Manufacture of vegetable and animal oils and fats,Manufacture of dairy products,"Manufacture of grain mill products, starches and starch products",Manufacture of bakery and farinaceous products,Manufacture of other food products,Manufacture of prepared animal feeds,Manufacture of alcoholic beverages & Tobacco Products,Manufacture of soft drinks; production of mineral waters and other bottled waters,Manufacture Of Textiles,Manufacture Of Wearing Apparel,Manufacture Of Leather And Related Products,"Manufacture Of Wood & Products Of Wood & Cork, Except Furniture; Manuf. Of Articles Of Straw",Manufacture Of Paper And Paper Products,Printing And Reproduction Of Recorded Media,Manufacture Of Coke And Refined Petroleum Products,"Manufacture of industrial gases, inorganics and fertilisers (inorganic chemicals) - 20.11/13/15",Manufacture of petrochemicals - 20.14/16/17/60,"Manufacture of dyestuffs, agro-chemicals - 20.12/20","Manufacture of paints, varnishes and similar coatings, printing ink and mastics","Manufacture of soap & detergents, cleaning & polishing, perfumes & toilet preparations",Manufacture of other chemical products,Manufacture Of Basic Pharmaceutical Products And Pharmaceutical Preparations,Manufacture Of Rubber And Plastic Products,"Manufacture of glass, refractory, clay, porcelain, ceramic, stone products - 23.1-4/7-9","Manufacture of cement, lime, plaster and articles of concrete, cement and plaster",Manufacture of basic iron and steel,Manufacture of other basic metals and casting,"Manufacture of fabricated metal products, excluding weapons & ammunition - 25.1-3/5-9",Manufacture of weapons and ammunition,"Manufacture Of Computer, Electronic And Optical Products",Manufacture Of Electrical Equipment,Manufacture Of Machinery And Equipment N.E.C.,"Manufacture Of Motor Vehicles, Trailers And Semi-Trailers",Building of ships and boats,Manufacture of air and spacecraft and related machinery,Manufacture of other transport equipment - 30.2/4/9,Manufacture Of Furniture,Other Manufacturing,Repair and maintenance of ships and boats,Repair and maintenance of aircraft and spacecraft,Rest of repair; Installation - 33.11-14/17/19/20,"Electric power generation, transmission and distribution",Manufacture of gas; distribution of gaseous fuels through mains; steam and aircon supply,"Water Collection, Treatment And Supply",Sewerage,"Waste Collection, Treatment And Disposal Activities; Materials Recovery",Remediation Activities And Other Waste Management Services,Construction,Wholesale And Retail Trade And Repair Of Motor Vehicles And Motorcycles,"Wholesale Trade, Except Of Motor Vehicles And Motorcycles","Retail Trade, Except Of Motor Vehicles And Motorcycles",Rail transport,"Land transport services and transport services via pipelines, excluding rail transport",Water Transport,Air Transport,Warehousing And Support Activities For Transportation,Postal And Courier Activities,Accommodation,Food And Beverage Service Activities,Publishing Activities,"Motion Picture, Video & TV Programme Production, Sound Recording & Music Publishing Activities & Programming And Broadcasting Activities",Telecommunications,"Computer Programming, Consultancy And Related Activities",Information Service Activities,"Financial Service Activities, Except Insurance And Pension Funding","Insurance, reinsurance and pension funding services, except compulsory social security",Activities Auxiliary To Financial Services And Insurance Activities,"Buying and selling, renting and operating of own or leased real estate, excluding imputed rent",Owner-Occupiers' Housing,Real estate services on a fee or contract basis,Legal activities,"Accounting, bookkeeping and auditing activities; tax consultancy",Activities Of Head Offices; Management Consultancy Activities,Architectural And Engineering Activities; Technical Testing And Analysis,Scientific Research And Development,Advertising And Market Research,"Other Professional, Scientific And Technical Activities",Veterinary Activities,Rental And Leasing Activities,Employment Activities,"Travel Agency, Tour Operator And Other Reservation Service And Related Activities",Security And Investigation Activities,Services To Buildings And Landscape Activities,"Office Administrative, Office Support And Other Business Support Activities",Public Administration And Defence; Compulsory Social Security,Education,Human Health Activities,Residential Care  & Social Work Activities,"Creative, Arts And Entertainment Activities","Libraries, Archives, Museums And Other Cultural Activities",Gambling And Betting Activities,Sports Activities And Amusement And Recreation Activities,Activities Of Membership Organisations,Repair Of Computers And Personal And Household Goods,Other Personal Service Activities,Activities Of Households As Employers Of Domestic Personnel,"Waste Collection, Treatment And Disposal Activities; Materials Recovery   non-market","Land transport services and transport services via pipelines, excluding rail transport non-market",Warehousing And Support Activities For Transportation   non-market,"Motion Picture, Video & TV Programme Production, Sound Recording & Music Publishing Activities & Programming And Broadcasting Activities non-market",Public Administration And Defence; Compulsory Social Security   non-market,Education   non-market,Human Health Activities non-market,Residential Care & Social Work Activities non-market,"Creative, Arts And Entertainment Activities  non-market","Libraries, Archives, Museums And Other Cultural Activities   non-market",Sports Activities And Amusement And Recreation Activities   non-market,Financial Services NPISH,Real Estate services NPISH,Legal services NPISH,Scientific Research And Development   NPISH,Veterinary Activities   NPISH,Services To Buildings And Landscape Activities   NPISH,Education   NPISH,Human Health Activities NPISH,Residential Care & Social Work Activities NPISH,"Creative, Arts And Entertainment Activities   NPISH","Libraries, archives, museums and other cultural services NPISH",Sports Activities And Amusement And Recreation Activities   NPISH,Activities Of Membership Organisations   NPISH,Total Intermediate Demand,Households,Non-Profit Institutions Serving Households,Central Government,Local Authorities,Gross Fixed Capital Formation,Valuables,Changes in Inventories,Exports of Goods - EU,Exports of Goods - Non EU,Exports of Services - EU,Exports of Services - Non EU,Total Demand for Products at Basic Prices
"Crop And Animal Production, Hunting And Related Service Activities",783,4,0,0,0,0,0,468,92,0,286,187,30,268,71,179,0,2,0,0,0,0,0,0,2,8,0,0,0,2,8,61,0,0,0,0,0,0,0,0,0,0,0,0,0,0,0,0,0,0,1,0,0,0,0,0,13,8,159,71,0,0,38,0,0,0,21,70,0,1,0,0,0,0,0,0,0,0,0,0,0,0,0,6,0,0,0,0,0,0,0,0,0,0,7,1,0,0,0,0,3,0,0,0,0,0,0,0,0,0,0,2,2,0,0,0,0,0,0,0,0,0,4,0,0,0,0,0,0,2858,6992,0,0,0,4,0,56,0,0,0,0,9910
Forestry And Logging,0,19,0,0,0,0,0,0,0,0,0,0,0,0,0,0,0,0,0,0,33,0,0,0,0,0,0,0,0,2,0,0,0,0,0,0,0,0,0,0,0,0,0,0,0,0,0,0,0,0,0,0,0,0,0,0,12,0,0,0,0,0,0,0,0,0,0,0,0,0,0,0,0,0,0,0,0,0,0,0,0,0,0,0,0,0,0,0,0,0,0,0,0,0,0,0,0,0,0,0,0,0,0,0,0,0,0,0,0,0,0,0,0,0,0,0,0,0,0,0,0,0,0,0,0,0,0,0,0,66,0,0,0,0,0,0,0,0,0,0,0,66
Fishing And Aquaculture,0,0,83,0,0,0,0,0,248,0,0,0,0,0,0,0,0,0,0,0,0,0,0,0,0,0,0,0,0,0,0,0,0,0,0,0,0,0,0,0,0,0,0,0,0,0,0,0,0,0,0,0,0,0,0,0,0,0,0,3,0,0,20,0,0,0,28,60,0,0,0,0,0,0,0,0,0,0,0,0,0,0,0,0,0,0,0,0,0,0,0,0,0,0,0,0,0,0,0,0,0,0,0,0,0,0,0,0,0,0,0,0,0,0,0,0,0,0,0,0,0,0,0,0,0,0,0,0,0,442,0,0,0,0,0,0,-9,0,0,0,0,433
Mining Of Coal And Lignite,0,0,0,3,0,0,0,1,1,0,1,1,0,13,1,0,0,0,0,0,0,5,0,6,0,0,3,0,0,0,0,0,0,13,0,2,5,0,0,1,0,1,0,0,0,0,0,0,0,0,1069,2,0,0,0,0,0,0,0,0,0,0,0,0,0,0,0,0,0,0,0,0,0,0,0,0,0,0,0,0,0,0,0,0,0,0,0,0,0,0,0,0,0,0,0,0,0,0,0,0,0,0,0,0,0,0,0,0,0,0,2,0,0,0,0,0,0,0,0,0,0,0,0,0,0,0,0,0,0,1130,0,0,0,0,0,0,8,0,0,0,0,1138
Extraction Of Crude Petroleum And Natural Gas & Mining Of Metal Ores,0,0,0,0,39,0,0,0,0,0,0,0,0,0,0,0,0,0,0,0,0,0,0,9181,4,0,163,0,0,33,0,0,3,0,174,351,0,0,0,0,0,0,0,0,0,0,0,0,0,0,5556,3817,0,0,0,0,0,0,0,0,0,0,0,0,0,0,0,0,0,0,0,0,0,0,0,0,0,0,0,0,0,0,0,0,0,0,0,0,0,0,0,0,0,0,0,0,0,0,0,0,0,0,0,0,0,0,0,0,0,0,0,0,0,0,0,0,0,0,0,0,0,0,0,0,0,0,0,0,0,19321,0,0,0,0,0,0,-300,0,0,191,189,19401
Other Mining And Quarrying,0,0,0,0,0,241,0,0,0,0,0,0,0,0,0,0,0,0,0,0,0,16,0,0,40,20,4,19,0,4,0,0,144,141,0,22,0,0,0,0,0,0,0,0,0,0,13,0,0,0,0,0,0,0,0,0,165,0,136,12,1,0,0,0,32,0,1,2,0,0,0,0,0,0,0,0,0,0,0,0,0,0,0,0,0,0,0,0,2,1,0,10,0,0,0,0,0,0,0,0,0,0,0,4,0,0,0,3,0,0,0,0,0,0,0,0,0,0,0,0,0,1,0,0,0,0,0,0,0,1034,0,0,0,0,0,0,-30,0,0,0,0,1004
Mining Support Service Activities,0,0,0,0,268,0,0,0,0,0,0,0,0,0,0,0,0,0,0,0,0,0,0,0,0,0,0,0,0,0,0,0,0,0,0,0,0,0,0,0,0,0,0,0,0,0,0,0,0,0,0,0,0,0,0,0,0,0,0,0,0,0,0,0,0,0,0,0,0,0,0,0,0,0,0,0,0,0,0,0,0,0,0,0,0,0,0,0,0,0,0,0,0,0,0,0,0,0,0,0,0,0,0,0,0,0,0,0,0,0,0,0,0,0,0,0,0,0,0,0,0,0,0,0,0,0,0,0,0,268,0,0,0,0,0,0,0,0,0,0,0,268
Processing and preserving of meat and production of meat products,1,0,0,0,0,0,0,281,1,6,0,0,2,58,17,0,0,5,1,32,0,0,0,0,0,0,0,0,0,1,1,0,0,1,2,0,0,0,4,0,0,1,0,0,0,0,0,0,0,0,0,0,0,0,0,0,0,0,12,27,0,0,0,2,0,1,19,38,0,0,1,2,0,5,1,0,0,0,0,0,0,4,1,0,1,0,0,0,1,0,0,0,7,0,2,0,1,0,0,0,0,0,0,2,0,0,0,0,0,7,8,18,4,0,0,3,0,0,0,0,0,0,2,0,1,0,0,0,0,584,5984,0,0,0,0,0,-50,0,0,0,0,6518
"Processing and preserving of fish, crustaceans, molluscs, fruit and vegetables",0,0,3,0,0,0,0,4,29,0,5,8,19,20,107,2,2,0,0,0,0,0,0,0,0,1,0,0,0,0,4,1,0,0,1,0,0,0,0,0,0,0,0,0,0,0,0,0,0,0,1,0,0,0,0,0,0,0,24,30,0,1,0,0,1,1,15,41,0,0,1,1,0,9,0,0,0,0,0,0,0,2,0,0,1,0,0,0,1,0,0,0,2,0,2,0,2,0,0,1,1,0,0,2,0,0,0,0,0,1,2,4,1,0,0,0,0,0,0,0,0,0,1,0,0,0,0,0,0,354,5331,0,0,0,0,0,-5,0,0,0,0,5680
Manufacture of vegetable and animal oils and fats,2,0,0,0,0,0,0,59,43,373,11,15,63,105,177,0,0,0,0,0,0,0,0,14,3,7,0,16,11,9,4,0,0,0,0,0,0,0,0,0,0,0,0,0,0,0,0,0,0,0,0,0,0,0,0,0,3,2,15,59,0,1,1,3,2,14,13,44,0,1,0,1,0,18,2,0,0,0,0,1,1,12,1,1,1,4,0,0,11,0,1,5,7,0,11,3,142,0,0,1,0,0,0,4,0,0,0,0,0,1,0,7,8,0,0,0,0,0,0,0,0,1,7,2,53,0,0,0,2,1378,513,0,0,0,0,0,-1,0,0,0,0,1890
Manufacture of dairy products,1,0,0,0,1,0,0,7,6,0,137,2,34,74,2,1,0,0,0,0,0,0,0,0,0,0,0,0,0,1,4,0,0,0,3,0,0,0,0,0,0,1,0,1,0,0,0,0,0,0,1,0,0,0,1,0,0,1,33,66,1,1,1,1,1,2,16,42,0,2,3,1,0,30,1,1,0,0,0,0,0,3,1,0,1,1,0,0,2,0,0,1,2,0,5,1,8,0,0,1,1,0,0,0,0,0,0,0,0,0,5,6,0,0,0,0,0,0,0,0,0,0,3,0,2,0,0,0,1,524,2418,0,0,0,0,0,66,0,0,0,0,3008
"Manufacture of grain mill products, starches and starch products",0,0,0,0,0,0,0,26,10,0,3,302,106,106,50,44,0,0,0,0,0,14,0,0,0,0,0,0,0,0,5,0,0,0,0,0,0,0,0,0,0,0,0,0,0,0,0,0,0,0,0,0,0,0,0,0,0,0,76,7,0,0,0,0,0,0,2,7,0,0,0,0,0,0,0,0,0,0,0,0,0,0,0,0,0,0,0,0,0,0,0,0,0,0,2,0,0,0,0,0,0,0,0,0,0,0,0,0,0,0,0,2,0,0,0,0,0,0,0,0,0,0,1,0,0,0,0,0,0,763,583,0,0,0,0,0,9,0,0,0,0,1355
Manufacture of bakery and farinaceous products,0,0,0,0,0,0,0,0,0,0,0,0,3,0,0,0,0,0,0,0,0,0,0,0,0,0,0,0,0,0,0,0,0,0,2,0,0,0,0,0,0,0,0,0,0,0,0,0,0,0,1,0,0,0,0,0,0,0,38,77,0,0,1,0,1,1,19,53,0,0,1,0,0,2,1,1,0,0,0,0,0,0,0,0,0,0,0,0,1,0,0,0,1,0,2,0,7,0,0,0,0,0,0,0,0,0,0,0,0,0,1,5,2,0,0,0,0,0,0,0,0,0,2,0,2,0,0,0,0,224,1793,0,0,0,0,0,-8,0,0,0,0,2009
Manufacture of other food products,3,0,0,0,0,0,0,17,18,2,24,16,108,564,40,15,35,0,0,0,0,0,0,0,1,0,0,0,3,5,17,0,1,3,1,0,0,0,0,0,1,0,0,0,0,0,0,0,0,0,2,0,0,0,0,0,6,2,88,59,0,2,4,2,21,2,12,36,0,2,3,2,0,95,1,23,0,0,0,0,0,3,2,1,1,1,0,0,3,0,0,2,38,0,4,0,10,0,1,2,1,0,0,16,0,0,0,2,0,0,2,10,7,0,0,0,0,0,0,0,0,0,2,0,4,0,0,0,1,1349,5173,0,0,0,0,0,47,0,0,0,0,6569
Manufacture of prepared animal feeds,263,0,11,0,0,0,0,12,0,0,0,1,0,0,56,0,0,0,0,0,0,0,0,0,0,0,0,0,0,0,0,0,0,0,0,0,0,0,0,0,0,0,0,0,0,0,0,0,0,0,0,0,0,0,0,0,0,0,0,3,0,0,0,0,0,0,1,2,0,0,0,0,0,0,0,0,0,0,0,0,0,0,0,0,0,0,0,0,0,0,0,1,0,0,0,0,4,3,1,0,6,0,0,0,0,0,0,0,1,0,0,0,0,0,0,0,0,0,0,0,0,0,0,0,2,2,0,0,0,369,518,0,0,0,0,0,7,0,0,0,0,894
Manufacture of alcoholic beverages & Tobacco Products,3,0,0,0,0,0,0,0,0,0,0,8,0,12,43,271,0,0,0,0,0,0,0,0,0,0,0,0,0,0,0,0,0,0,0,0,0,0,0,0,0,0,0,0,0,0,0,0,0,0,0,0,0,0,0,0,0,0,152,129,2,0,9,8,29,7,1608,4852,0,19,8,0,0,36,3,4,0,0,0,5,5,10,0,3,14,5,0,0,17,4,2,5,24,0,1,0,35,5,1,21,13,6,0,3,0,0,0,3,0,0,0,0,0,0,0,0,0,0,0,0,0,0,0,0,9,1,2,0,71,7468,3248,0,0,0,0,0,-44,0,0,0,0,10672
Manufacture of soft drinks; production of mineral waters and other bottled waters,4,0,0,0,0,0,0,0,0,0,0,0,0,0,0,0,4,0,0,0,0,0,0,0,0,0,0,0,0,0,0,0,0,0,0,0,0,0,0,0,0,0,0,0,0,0,0,0,0,0,0,0,0,0,0,0,1,0,8,12,1,1,0,2,7,5,19,86,0,17,3,0,0,11,1,1,0,0,0,2,1,3,0,1,2,2,0,0,5,1,0,2,4,0,5,0,4,3,2,8,14,1,0,0,0,0,0,1,4,1,2,0,8,0,0,0,0,0,0,0,0,0,4,0,1,1,1,0,5,271,917,0,0,0,0,0,3,0,0,0,0,1191
Manufacture Of Textiles,30,0,6,0,0,0,0,0,0,0,0,0,0,0,0,0,0,1165,367,11,0,35,1,0,0,0,0,0,5,18,0,83,0,7,0,0,2,0,1,0,0,123,0,9,0,57,8,0,0,0,0,0,0,0,0,0,108,45,177,150,1,6,1,3,11,5,9,20,1,4,3,7,0,33,4,0,0,2,1,5,0,5,2,2,3,4,0,7,3,0,0,12,6,0,11,0,16,3,0,4,1,0,0,42,0,0,0,0,0,6,4,51,0,0,0,4,0,0,0,0,1,1,7,0,4,1,1,0,2,2727,2835,0,0,0,0,0,-307,0,0,0,0,5255
Manufacture Of Wearing Apparel,0,3,0,0,27,0,2,0,0,0,0,0,5,1,0,0,0,2,131,0,0,0,0,0,0,0,0,0,0,0,0,0,0,0,0,0,0,0,0,0,0,0,0,0,0,0,0,0,0,0,0,0,0,0,0,0,69,14,26,25,1,3,0,10,2,6,20,31,0,8,11,15,1,23,14,9,0,1,0,3,5,8,8,4,2,6,0,9,21,1,4,33,5,11,16,0,53,3,0,6,2,2,0,20,0,9,0,0,0,340,47,186,26,0,0,3,0,0,0,0,0,3,15,0,11,1,1,0,2,1326,19747,0,0,0,165,0,-80,0,0,0,0,21158
Manufacture Of Leather And Related Products,0,0,2,0,0,0,0,0,0,0,0,0,0,0,0,0,0,1,3,107,0,0,0,0,0,0,0,0,0,0,0,0,0,0,0,0,0,0,0,0,0,77,0,97,0,126,1,0,0,0,0,0,0,3,0,0,25,551,123,182,7,16,0,4,6,17,39,117,0,34,23,6,1,15,9,8,1,0,0,1,1,9,2,8,6,8,1,1,20,1,1,20,20,4,47,3,100,5,0,16,7,3,0,40,0,0,0,0,0,181,0,0,0,0,0,0,0,0,0,1,1,3,34,3,20,1,0,1,12,2182,5502,0,0,0,0,0,-38,0,0,0,0,7646
"Manufacture Of Wood & Products Of Wood & Cork, Except Furniture; Manuf. Of Articles Of Straw",6,3,0,3,2,2,0,5,0,0,6,1,2,3,2,14,3,9,0,0,1197,28,1,0,1,9,0,3,0,0,1,15,0,16,1,5,73,1,7,7,11,55,27,5,0,158,8,5,0,1,2,0,0,0,1,0,1428,8,54,72,1,1,1,0,6,1,7,17,3,5,4,7,0,8,1,2,1,7,1,3,2,12,10,1,5,4,0,10,5,0,0,61,10,0,8,1,6,2,0,4,1,0,0,3,0,0,0,0,0,3,21,0,0,0,0,0,0,0,0,0,0,7,6,0,1,1,1,0,2,3524,230,0,0,0,0,0,9,0,0,0,0,3763
Manufacture Of Paper And Paper Products,34,0,0,0,0,4,0,35,40,8,18,52,36,98,12,84,8,65,7,5,49,3060,423,1,2,6,3,6,47,21,40,163,18,39,1,3,20,0,13,13,78,14,0,25,3,8,4,0,0,1,5,0,1,2,1,0,43,10,434,117,0,6,0,2,57,5,4,23,86,2,3,46,0,298,17,14,6,2,9,5,2,45,13,3,17,9,1,4,6,0,0,12,36,2,13,0,10,4,0,2,0,0,2,42,0,2,0,4,0,57,7,47,5,0,1,2,0,0,0,0,1,1,8,0,3,2,0,0,2,6130,667,0,0,0,0,0,-107,0,0,0,0,6690
Printing And Reproduction Of Recorded Media,0,0,0,0,0,0,0,0,0,0,0,0,0,0,0,0,0,0,0,0,0,2,11,0,0,1,0,0,0,0,0,1,0,0,0,0,0,0,0,0,2,0,0,0,0,0,0,0,0,0,0,0,0,0,0,0,0,0,1,1,0,0,0,0,0,0,0,0,0,0,0,0,0,0,0,0,0,0,0,0,0,0,0,0,0,0,0,0,0,0,0,0,0,0,0,0,0,0,0,0,0,0,0,0,0,0,0,0,0,0,0,0,0,0,0,0,0,0,0,0,0,0,0,0,0,0,0,0,0,19,0,0,0,0,0,0,0,0,0,0,0,19
Manufacture Of Coke And Refined Petroleum Products,589,14,69,29,55,41,27,35,14,6,34,8,46,34,22,18,9,4,15,1,30,27,10,1545,62,108,24,6,12,69,8,152,32,56,326,20,61,2,19,22,91,42,4,34,12,31,12,3,4,7,165,46,22,33,3,2,307,158,1154,734,88,1715,92,1367,48,99,100,215,6,29,131,76,12,204,49,121,20,2,2,20,26,23,83,93,26,27,1,49,55,27,4,13,76,5,27,2,74,8,0,23,8,1,5,25,0,8,0,11,2,215,57,42,14,0,2,6,0,0,0,5,2,1,19,1,24,3,1,1,29,12045,6035,0,0,0,0,0,-20,363,437,0,0,18860
"Manufacture of industrial gases, inorganics and fertilisers (inorganic chemicals) - 20.11/13/15",152,1,1,0,6,5,7,1,1,0,0,1,2,4,0,6,1,4,0,1,1,20,0,2,277,1344,48,63,26,87,35,43,23,13,12,13,54,0,14,6,2,4,0,2,0,0,2,0,1,1,13,1,22,1,1,0,21,1,9,4,0,0,1,1,3,0,0,1,0,11,1,0,0,2,2,0,0,0,0,0,0,1,1,5,1,1,0,0,2,0,1,6,3,0,4,1,2,2,0,1,2,0,0,1,0,0,0,0,0,5,0,62,0,0,0,0,0,0,0,1,0,0,3,1,1,1,1,0,0,2490,0,0,0,0,0,0,28,0,0,0,0,2518
Manufacture of petrochemicals - 20.14/16/17/60,14,1,0,2,0,10,0,0,1,0,0,17,10,18,0,10,8,343,0,16,48,255,8,46,523,2956,109,376,148,602,113,2379,260,106,78,58,72,2,39,348,73,671,33,51,1,62,36,9,3,3,8,0,14,15,5,1,116,5,32,26,0,7,0,1,11,1,24,54,3,2,2,0,0,0,0,0,0,0,0,0,0,0,0,46,4,4,0,0,13,1,2,9,13,0,14,2,0,0,0,4,0,0,1,4,0,3,0,0,0,12,4,0,0,0,0,0,0,0,0,2,0,1,9,1,0,0,0,0,0,10394,0,0,0,0,0,0,141,0,0,0,0,10535
"Manufacture of dyestuffs, agro-chemicals - 20.12/20",279,1,0,0,0,0,0,1,1,0,0,1,0,0,0,0,3,36,0,3,0,13,1,3,38,46,285,100,7,9,4,40,4,16,21,22,12,1,6,4,2,4,0,8,0,0,2,0,0,0,0,1,3,3,3,0,15,1,42,25,0,2,0,0,5,0,0,1,0,2,2,2,0,1,5,0,0,0,0,0,0,0,1,3,1,1,1,0,6,0,1,5,4,0,9,21,5,1,0,3,1,0,1,6,0,0,0,0,1,14,1,0,0,0,0,0,0,0,0,0,1,1,6,15,1,1,0,0,0,1197,0,0,0,0,0,0,-7,0,0,0,0,1190
"Manufacture of paints, varnishes and similar coatings, printing ink and mastics",3,0,0,0,0,0,0,0,0,0,0,0,0,0,0,0,0,2,0,0,9,36,95,0,0,1,0,245,0,11,0,23,19,14,1,2,60,0,10,7,24,73,5,5,23,4,2,4,1,3,0,0,0,1,0,0,134,4,67,14,2,1,0,0,1,0,1,4,32,3,1,17,0,11,1,1,3,1,0,0,1,1,1,1,6,0,0,1,2,0,0,0,5,0,3,0,9,1,0,2,1,0,0,7,0,1,0,0,0,10,8,0,0,0,0,1,0,0,0,0,0,0,2,0,3,0,1,0,4,1052,0,0,0,0,0,0,-9,0,0,0,0,1043
"Manufacture of soap & detergents, cleaning & polishing, perfumes & toilet preparations",3,0,0,0,0,0,0,1,0,0,1,0,3,2,0,1,0,0,0,0,0,0,0,0,3,2,2,0,97,2,6,0,0,0,0,0,0,0,0,0,0,0,0,0,0,0,0,0,0,0,0,0,0,4,1,0,11,6,33,19,1,3,1,1,3,1,4,10,0,2,1,2,0,10,0,1,0,0,0,0,0,2,1,3,2,0,0,0,3,0,1,26,14,0,7,0,16,0,0,1,1,0,0,26,0,4,0,0,0,9,13,4,5,0,0,2,0,0,0,0,1,3,5,0,5,0,0,0,1,392,4417,0,0,0,0,0,67,0,0,0,0,4876
Manufacture of other chemical products,23,5,0,9,0,8,0,44,8,2,12,7,4,126,98,8,0,2,0,10,51,132,196,87,2,3,2,8,88,1018,2,51,0,47,6,5,11,70,91,0,14,24,0,0,3,19,21,0,0,1,0,0,0,37,9,3,242,73,139,216,3,27,0,2,30,4,2,7,10,79,12,2,0,7,8,2,0,0,0,0,0,0,0,18,15,32,8,0,33,1,4,167,30,1,55,8,86,31,1,73,6,0,0,75,0,0,0,4,0,12,4,254,0,0,0,0,0,0,0,1,11,19,32,6,23,14,5,1,12,4274,698,0,0,0,0,0,-3,0,0,30,1,5000
Manufacture Of Basic Pharmaceutical Products And Pharmaceutical Preparations,239,0,0,0,0,0,0,0,1,0,0,35,0,0,562,0,0,0,0,0,0,0,0,3,0,0,0,0,62,1,4597,0,0,0,0,0,1,0,0,0,0,0,0,0,0,0,2,0,0,0,0,0,0,6,19,0,4,20,73,137,1,2,0,0,0,8,14,40,0,6,1,1,0,0,0,0,0,0,0,0,0,0,0,36,1,1,29,1,2,0,0,0,1,4,57,60,68,1,0,6,0,0,0,8,0,0,0,0,0,111,5,7271,0,0,0,0,0,0,0,2,40,0,40,42,11,1,0,0,11,13644,3565,0,4859,0,0,0,-37,1278,1722,0,0,25031
Manufacture Of Rubber And Plastic Products,62,0,11,1,1,8,0,120,49,6,97,11,63,209,22,6,58,56,2,5,40,154,115,5,8,11,0,26,181,73,101,1846,28,23,23,12,141,0,53,60,284,927,25,47,16,33,21,12,2,18,3,1,2,4,1,0,951,731,489,279,7,134,16,5,46,9,2,11,1,5,165,48,2,172,6,5,21,1,2,7,0,18,19,9,17,5,1,15,7,5,1,61,30,1,7,0,7,3,0,4,1,0,4,47,0,1,0,4,0,21,11,44,6,0,0,3,0,0,0,0,1,7,5,0,3,1,1,0,3,8571,2118,0,0,0,0,0,-39,0,0,0,0,10650
"Manufacture of glass, refractory, clay, porcelain, ceramic, stone products - 23.1-4/7-9",11,0,0,1,1,40,0,0,11,0,5,0,0,28,0,93,13,0,0,0,21,3,0,0,6,25,0,5,25,13,27,130,592,72,41,33,52,0,56,31,12,334,13,5,0,0,2,2,0,2,1,0,0,1,8,0,990,58,231,81,9,6,0,6,16,2,5,7,0,2,8,5,0,0,0,0,0,0,0,0,0,0,0,0,1,3,0,0,1,0,0,27,3,1,0,0,5,1,0,2,1,0,1,8,0,0,0,3,0,15,24,5,0,0,0,0,0,0,0,0,0,3,0,0,1,1,1,0,1,3249,666,0,0,0,12,0,-52,0,0,0,0,3875
"Manufacture of cement, lime, plaster and articles of concrete, cement and plaster",1,0,0,0,0,56,0,0,0,0,0,0,0,0,0,0,0,0,0,0,0,0,0,0,1,0,0,1,0,0,0,0,5,246,0,0,1,0,0,0,2,0,0,0,0,0,0,0,0,0,0,0,0,0,0,0,192,0,57,8,1,2,0,0,2,0,0,0,0,0,0,1,0,0,0,0,0,0,0,0,0,0,0,0,0,1,0,0,0,0,0,3,3,0,0,0,0,1,0,0,0,0,0,3,0,0,0,0,0,2,3,2,0,0,0,1,0,0,0,0,0,0,0,0,0,0,0,0,0,595,0,0,0,0,0,0,-29,0,0,0,0,566
Manufacture of basic iron and steel,2,0,0,1,62,2,11,0,0,0,0,1,0,1,0,0,0,5,0,0,1,0,1,7,1,0,0,1,0,1,1,37,2,25,1479,62,1502,3,40,77,689,595,20,32,78,82,14,22,3,24,5,1,3,0,4,0,141,3,5,1,4,10,0,0,1,0,0,0,0,0,2,0,0,0,5,1,0,0,0,0,0,0,0,0,0,0,0,0,0,0,0,0,0,0,0,0,0,0,0,0,0,0,0,0,0,0,0,0,0,0,0,0,0,0,0,0,0,0,0,0,0,0,0,0,0,0,0,0,0,5070,0,0,0,0,0,0,-18,0,0,0,0,5052
Manufacture of other basic metals and casting,99,0,0,0,12,1,2,0,12,0,0,0,0,21,0,5,0,3,0,0,0,0,4,2,5,53,0,0,0,79,30,57,73,41,98,3310,1560,17,252,844,1309,1280,31,496,19,49,183,12,66,59,415,0,4,3,4,0,747,4,112,99,4,6,2,1,4,13,0,0,1,0,66,16,1,1,14,0,0,0,0,0,1,0,1,2,3,0,0,2,1,0,0,16,1,0,2,0,0,0,0,1,0,0,2,1,0,0,0,0,0,0,0,0,0,0,0,0,0,0,0,0,0,1,1,0,0,0,0,0,0,11636,2,0,0,0,0,-877,103,361,1137,0,0,12362
"Manufacture of fabricated metal products, excluding weapons & ammunition - 25.1-3/5-9",18,0,3,3,51,5,113,13,10,0,3,1,5,17,14,47,21,26,3,3,49,23,10,14,8,6,2,11,22,5,17,273,33,53,52,42,1449,6,99,157,699,998,32,400,130,12,18,6,23,10,32,2,1,1,5,0,1102,56,204,141,4,24,4,5,30,1,1,3,1,1,14,25,0,33,2,2,21,0,0,0,0,1,5,2,12,3,0,9,2,0,3,13,9,0,3,0,6,1,0,1,1,0,4,1,0,0,0,3,0,5,6,4,0,0,0,2,0,0,0,0,0,2,2,0,2,1,0,0,0,6833,695,0,0,0,1671,0,-112,0,0,0,0,9087
Manufacture of weapons and ammunition,0,0,0,0,0,0,0,0,0,0,0,0,0,0,0,0,0,0,0,0,0,0,0,0,0,0,0,0,0,0,0,1,0,0,0,0,1,428,0,0,2,0,0,0,1,0,0,0,0,0,0,0,0,0,0,0,0,0,0,0,0,0,0,0,0,0,0,0,0,0,0,0,0,0,0,0,0,0,0,0,0,0,0,0,0,0,0,0,0,0,0,0,0,2,0,0,0,0,0,0,0,0,0,0,0,0,0,0,0,71,0,0,0,0,0,0,0,0,0,0,0,0,0,0,0,0,0,0,0,506,33,0,0,0,0,0,0,0,0,0,0,539
"Manufacture Of Computer, Electronic And Optical Products",18,12,12,12,6,20,6,14,2,1,6,5,10,15,3,9,5,12,9,2,16,27,18,1,16,71,15,4,7,56,20,34,11,15,84,82,112,8,3687,638,515,852,78,305,11,10,432,46,28,278,157,32,14,15,43,1,590,134,205,103,6,72,5,23,72,23,21,59,12,86,3648,466,42,100,54,36,46,15,2,7,0,8,72,20,11,57,17,43,27,22,12,16,15,130,55,25,51,20,3,40,8,0,77,22,0,34,0,6,7,4362,499,3748,175,0,13,36,0,0,0,1,25,2,37,18,12,9,6,1,13,23500,3937,0,0,0,8161,0,76,3482,4718,0,0,43874
Manufacture Of Electrical Equipment,15,0,0,0,26,0,6,0,0,0,1,0,1,1,0,4,1,2,0,1,2,2,2,1,1,1,0,0,2,1,1,16,5,1,8,7,35,5,601,938,525,1008,20,65,18,1,57,8,2,90,379,6,2,0,7,0,694,80,233,156,3,99,3,22,31,15,1,1,1,21,216,126,5,74,7,5,15,3,1,4,0,6,28,8,18,11,0,72,5,1,10,4,9,3,7,1,6,5,0,4,1,0,28,31,0,0,0,3,0,118,18,5,9,0,2,9,0,0,0,1,0,1,5,1,2,2,1,0,2,6128,4065,0,0,0,3865,0,-154,1731,2069,0,0,17704
Manufacture Of Machinery And Equipment N.E.C.,27,2,4,23,90,36,13,91,23,4,26,20,42,85,12,28,17,27,6,2,39,98,128,39,28,25,10,13,6,18,36,125,50,47,229,88,115,11,143,239,2592,1662,137,348,19,27,18,37,59,93,175,19,78,5,61,0,900,432,324,87,16,37,3,5,23,7,3,4,8,26,38,67,3,46,9,5,41,0,3,6,0,8,12,4,25,16,0,65,13,0,13,9,10,3,4,3,14,0,0,2,17,0,10,2,0,0,0,3,0,105,0,0,0,0,0,0,0,0,0,0,0,1,3,2,4,0,0,1,1,9838,316,0,0,0,12662,0,-175,1591,3109,0,0,27341
"Manufacture Of Motor Vehicles, Trailers And Semi-Trailers",11,2,0,1,0,8,0,7,1,0,3,1,3,1,1,8,1,8,1,1,3,2,1,0,1,13,2,0,0,0,1,57,19,11,17,16,72,1,30,43,670,9484,1,2,55,16,3,1,0,30,12,1,2,2,0,0,46,1351,121,96,1,226,1,8,47,50,2,9,1,9,23,39,2,124,24,12,14,2,1,7,3,17,58,8,36,13,0,207,16,9,83,8,46,1,16,7,27,0,0,2,17,0,8,23,0,8,0,5,0,80,2,17,36,0,1,8,0,0,0,1,0,1,12,4,9,0,0,1,2,13634,31333,0,0,0,7654,0,-102,0,0,0,0,52519
Building of ships and boats,0,0,0,0,0,0,0,0,0,0,0,0,0,0,0,0,0,0,0,0,0,0,0,0,0,0,0,0,0,0,0,0,0,0,0,0,0,0,0,0,0,0,0,0,0,0,0,0,0,0,0,0,0,0,0,0,0,0,0,0,0,0,0,0,0,0,0,0,0,0,0,0,0,0,0,0,0,0,0,0,0,0,0,0,0,0,0,0,0,0,0,0,0,0,0,0,0,0,0,0,0,0,0,0,0,0,0,0,0,0,0,0,0,0,0,0,0,0,0,0,0,0,0,0,0,0,0,0,0,0,485,0,0,0,1240,0,-26,0,0,0,0,1699
Manufacture of air and spacecraft and related machinery,2,0,0,0,25,0,10,0,0,0,0,0,0,0,0,0,0,0,0,0,0,0,0,0,0,1,0,0,0,0,0,0,0,0,0,0,0,0,0,1,0,13,0,3647,0,4,0,0,48,1,0,0,0,0,0,0,7,9,3,4,0,3,0,376,16,1,1,1,0,4,9,5,1,2,20,1,0,0,0,0,0,1,1,0,2,1,0,1,2,1,0,0,1,17,4,0,2,0,0,2,3,0,0,1,0,0,0,0,0,548,0,0,0,0,0,0,0,0,0,0,0,0,3,0,0,0,0,0,1,4806,62,0,0,0,5552,0,-58,2864,6256,0,0,19482
Manufacture of other transport equipment - 30.2/4/9,0,0,0,0,0,0,0,0,0,0,0,0,0,0,0,0,0,0,0,0,0,0,0,0,0,0,0,0,0,0,0,0,0,0,0,0,1,1,0,0,0,0,0,0,39,0,0,0,0,4,0,0,0,0,0,0,0,1,1,1,4,0,0,0,1,0,0,0,0,0,0,1,0,2,0,0,0,0,0,0,0,0,0,0,0,0,0,0,0,0,0,0,1,0,0,0,0,0,0,0,0,0,0,0,0,0,0,0,0,0,0,25,0,0,0,0,0,0,0,0,0,0,0,0,0,0,0,0,0,82,1716,0,0,0,198,0,-4,0,0,0,0,1992
Manufacture Of Furniture,0,1,0,0,0,0,0,0,0,0,0,0,1,1,0,0,0,1,0,0,0,0,0,0,1,0,0,0,0,1,1,1,1,1,0,0,0,0,1,0,2,43,0,1,1,81,0,0,0,1,6,0,0,0,0,0,23,3,10,22,0,1,0,0,1,1,1,5,0,2,2,1,0,4,2,1,3,0,0,4,0,1,2,1,0,1,0,1,7,0,0,2,6,2,8,0,10,1,0,1,1,0,0,1,0,0,0,0,0,90,48,23,12,0,0,5,0,0,0,0,0,0,5,0,4,0,1,0,0,465,3420,0,0,0,913,478,109,0,0,0,0,5385
Other Manufacturing,84,8,5,7,3,11,0,2,10,1,9,16,15,47,9,25,9,12,57,7,26,28,849,12,12,96,9,15,10,46,12,73,50,10,0,0,17,2,14,66,796,357,53,92,10,21,212,13,10,239,109,20,17,84,0,2,355,122,324,165,15,84,8,23,73,31,32,74,97,23,240,123,8,215,89,98,14,4,9,72,15,50,96,5,75,16,32,14,10,5,6,28,1,1,83,0,144,4,1,32,9,0,2,37,0,0,0,8,0,37,18,0,0,0,0,0,0,0,0,0,45,3,58,1,43,2,3,1,4,6906,6668,0,0,0,816,182,20,199,301,375,345,15812
Repair and maintenance of ships and boats,0,0,1,0,3,0,1,0,0,0,0,0,0,0,0,0,0,0,0,0,0,0,0,0,0,0,0,0,0,0,0,0,0,0,0,0,0,0,0,0,0,0,1,0,0,0,0,1,0,0,0,0,0,0,0,0,0,0,0,0,0,0,45,0,1,0,0,0,0,0,0,0,0,0,0,0,0,0,0,0,0,0,0,0,0,0,0,0,0,0,0,0,0,0,0,0,0,0,0,0,0,0,0,0,0,0,0,0,0,0,0,0,0,0,0,0,0,0,0,0,0,0,0,0,0,0,0,0,0,53,0,0,0,0,0,0,0,0,0,0,0,53
Repair and maintenance of aircraft and spacecraft,1,0,0,0,13,0,2,0,0,0,0,0,0,0,0,0,0,0,0,0,0,0,0,0,0,0,0,0,0,0,0,0,0,0,0,0,0,0,0,0,0,0,0,293,0,0,0,0,277,0,0,0,0,0,0,0,0,1,0,0,0,1,0,61,8,0,0,0,0,0,3,1,0,0,0,0,0,0,0,0,0,0,0,0,0,0,0,0,0,0,0,0,0,0,0,0,0,0,0,1,1,0,0,0,0,0,0,1,0,0,0,0,0,0,0,0,0,0,0,0,0,0,0,0,0,0,0,0,0,664,0,0,0,0,0,0,0,0,0,0,0,664
Rest of repair; Installation - 33.11-14/17/19/20,0,0,0,0,0,0,0,0,0,0,0,0,0,0,0,0,0,0,0,0,0,0,0,0,0,0,0,0,0,0,0,0,0,0,0,0,0,0,0,0,160,148,0,0,0,0,0,0,0,123,0,0,0,0,0,0,0,0,0,0,0,0,0,0,0,0,0,0,0,0,0,0,0,0,0,0,0,0,0,0,0,0,0,0,0,0,0,0,0,0,0,0,0,0,0,0,0,0,0,0,0,0,0,0,0,0,0,0,0,0,0,0,0,0,0,0,0,0,0,0,0,0,0,0,0,0,0,0,0,431,0,0,0,0,0,0,0,0,0,0,0,431
"Electric power generation, transmission and distribution",0,0,0,0,0,0,0,0,0,0,0,0,0,0,0,0,0,0,0,0,0,0,0,0,0,0,0,0,0,0,0,5,0,0,0,0,0,0,0,0,0,0,0,0,0,0,0,0,0,0,673,3,0,0,0,0,0,0,0,282,0,0,0,0,0,0,0,0,0,0,0,0,0,0,0,0,0,0,0,0,0,0,0,0,0,0,0,0,0,0,0,0,0,0,0,0,0,0,0,0,0,0,0,0,0,0,0,0,0,0,0,0,0,0,0,0,0,0,0,0,0,0,0,0,0,0,0,0,0,963,17,0,0,0,0,0,0,0,0,0,0,980
Manufacture of gas; distribution of gaseous fuels through mains; steam and aircon supply,0,0,0,0,0,0,0,0,0,0,0,0,0,0,0,0,0,0,0,0,0,0,0,0,0,0,0,0,0,0,0,0,0,0,0,0,0,0,0,0,0,0,0,0,0,0,0,0,0,0,0,0,0,0,0,0,0,0,0,0,0,0,0,0,0,0,0,0,0,0,0,0,0,0,0,0,0,0,0,0,0,0,0,0,0,0,0,0,0,0,0,0,0,0,0,0,0,0,0,0,0,0,0,0,0,0,0,0,0,0,0,0,0,0,0,0,0,0,0,0,0,0,0,0,0,0,0,0,0,0,37,0,0,0,0,0,0,0,0,0,0,37
"Water Collection, Treatment And Supply",0,0,0,0,0,0,0,0,0,0,0,0,0,0,0,0,0,0,0,0,0,0,0,0,0,0,0,0,0,0,0,0,0,0,0,0,0,0,0,0,0,0,0,0,0,0,0,0,0,0,0,0,13,0,0,0,0,0,0,0,0,0,0,0,0,0,0,0,0,0,0,0,0,0,0,0,0,0,0,0,0,0,0,0,0,0,0,0,0,0,0,0,0,0,0,0,0,0,0,0,0,0,0,0,0,0,0,0,0,0,0,0,0,0,0,0,0,0,0,0,0,0,0,0,0,0,0,0,0,13,0,0,0,0,0,0,0,0,0,0,0,13
Sewerage,0,0,0,0,0,0,0,0,0,0,0,0,0,0,0,0,0,0,0,0,0,0,0,0,0,0,0,0,0,0,0,0,0,0,0,0,0,0,0,0,0,0,0,0,0,0,0,0,0,0,0,0,0,0,0,0,0,0,0,0,0,0,0,0,0,0,0,0,0,0,0,0,0,0,0,0,0,0,0,0,0,0,0,0,0,0,0,0,0,0,0,0,0,0,0,0,0,0,0,0,0,0,0,0,0,0,0,0,0,0,0,0,0,0,0,0,0,0,0,0,0,0,0,0,0,0,0,0,0,0,0,0,0,0,0,0,0,0,0,0,0,0
"Waste Collection, Treatment And Disposal Activities; Materials Recovery",3,0,5,0,3,5,0,12,6,1,2,0,3,6,2,2,1,3,13,0,1,7,1,2,2,10,2,1,1,7,3,16,10,5,109,319,13,0,1,1,3,4,1,2,2,2,1,0,0,1,2,1,3,119,233,0,61,15,82,36,3,13,4,11,8,8,9,38,1,11,9,15,1,66,7,14,1,4,4,4,5,15,6,6,14,4,2,11,6,2,1,49,9,11,5,107,14,4,0,4,25,0,1,31,0,797,0,1,0,483,5,66,0,0,0,1,0,0,0,0,2,5,4,70,2,2,1,1,2,3151,61,0,0,0,0,0,0,0,0,0,0,3212
Remediation Activities And Other Waste Management Services,0,0,0,0,0,0,0,0,0,0,0,0,0,0,0,0,0,0,0,0,0,0,0,0,0,0,0,0,0,0,0,0,0,0,0,0,0,0,0,0,0,0,0,0,0,0,0,0,0,0,0,0,0,0,0,0,0,0,0,0,0,0,0,0,0,0,0,0,0,0,0,0,0,0,0,0,0,0,0,0,0,0,0,0,0,0,0,0,0,0,0,0,0,0,0,0,0,0,0,0,0,0,0,0,0,0,0,0,0,0,0,0,0,0,0,0,0,0,0,0,0,0,0,0,0,0,0,0,0,0,0,0,0,0,0,0,0,0,0,0,0,0
Construction,8,0,0,0,9,0,2,0,0,0,0,0,0,0,0,0,0,0,0,0,14,0,1,2,0,1,0,0,0,0,0,12,0,0,0,0,47,0,0,0,1,0,0,1,0,0,0,0,0,10,3,2,2,0,2,0,901,3,37,72,0,2,2,2,6,1,1,5,1,0,8,2,0,14,15,0,100,108,0,2,1,1,53,0,1,4,0,1,1,1,0,0,0,0,2,1,0,0,1,0,0,0,0,4,0,1,0,0,0,32,2,4,2,0,1,1,0,0,0,0,0,0,1,0,0,0,0,0,0,1514,0,0,0,0,0,0,0,0,0,0,0,1514
Wholesale And Retail Trade And Repair Of Motor Vehicles And Motorcycles,7,0,0,0,0,0,0,0,0,0,0,0,0,0,0,0,0,0,0,0,0,0,0,0,0,0,0,0,0,0,0,0,0,0,0,0,0,0,0,0,0,0,0,0,0,0,0,0,0,0,0,0,0,0,0,0,14,12,32,10,2,14,2,1,2,2,1,2,2,0,2,4,1,5,4,0,1,0,0,1,1,0,0,0,1,0,0,6,1,1,0,0,1,0,1,0,0,0,0,0,0,0,0,1,0,0,0,0,0,3,1,1,2,0,0,0,0,0,0,0,0,0,1,0,0,0,0,0,0,142,11,0,0,0,0,0,0,0,0,0,0,153
"Wholesale Trade, Except Of Motor Vehicles And Motorcycles",0,0,0,0,0,0,0,0,0,0,0,0,0,0,0,0,0,0,0,0,0,0,0,0,0,0,0,0,0,0,0,0,0,0,0,0,0,0,0,0,0,0,0,0,0,0,0,0,0,0,0,0,0,0,0,0,0,0,0,0,0,0,0,0,0,0,0,0,0,0,0,0,0,0,0,0,0,0,0,0,0,0,0,0,0,0,0,0,0,0,0,0,0,0,0,0,0,0,0,0,0,0,0,0,0,0,0,0,0,0,0,0,0,0,0,0,0,0,0,0,0,0,0,0,0,0,0,0,0,0,0,0,0,0,0,0,0,0,0,60,140,200
"Retail Trade, Except Of Motor Vehicles And Motorcycles",0,0,0,0,0,0,0,0,0,0,0,0,0,0,0,0,0,0,0,0,0,0,0,0,0,0,0,0,0,0,0,0,0,0,0,0,0,0,0,0,0,0,0,0,0,0,0,0,0,0,0,0,0,0,0,0,0,0,0,0,0,0,0,0,0,0,0,0,0,0,0,0,0,0,0,0,0,0,0,0,0,0,0,0,0,0,0,0,0,0,0,0,0,0,0,0,0,0,0,0,0,0,0,0,0,0,0,0,0,0,0,0,0,0,0,0,0,0,0,0,0,0,0,0,0,0,0,0,0,0,0,0,0,0,0,0,0,0,0,0,0,0
Rail transport,1,1,1,0,38,1,1,0,0,0,0,1,0,0,0,1,0,0,0,0,0,0,0,0,0,1,0,0,0,1,0,1,1,2,0,0,2,0,0,0,1,2,0,1,1,0,2,0,0,0,0,0,0,0,2,0,0,2,6,2,3,0,0,0,7,0,1,1,2,2,1,0,0,4,14,2,0,0,0,0,0,0,0,1,0,0,0,2,0,5,0,0,0,1,1,0,1,0,0,0,2,0,0,1,0,0,0,1,0,330,56,120,0,0,5,14,0,0,0,0,0,0,3,0,1,0,0,0,0,653,101,0,0,0,0,0,0,0,0,5,8,767
"Land transport services and transport services via pipelines, excluding rail transport",66,1,0,7,0,47,0,35,22,0,18,10,7,32,4,33,4,61,71,0,31,88,11,25,14,106,10,7,29,39,48,108,21,6,30,66,49,0,1,64,1,116,1,57,5,16,48,0,0,0,6,0,0,0,21,0,13,13,110,22,1,7,0,0,6,4,1,4,14,0,2,3,0,7,4,4,0,0,0,1,1,2,2,0,1,0,0,3,2,2,0,7,2,0,1,1,0,0,0,0,0,0,7,2,0,2,7,1,0,10,12,14,6,0,0,0,0,0,0,0,0,1,1,0,0,0,0,0,0,1745,0,0,0,0,64,0,0,0,0,30,45,1884
Water Transport,2,0,11,1,115,4,25,2,0,0,3,6,1,2,0,16,0,3,1,0,0,2,35,11,4,9,2,1,1,11,2,4,4,9,12,3,11,1,9,4,6,21,1,5,10,2,6,0,1,6,1,1,0,1,26,0,15,37,113,11,10,13,660,17,145,45,6,16,54,6,17,0,0,37,49,17,0,0,0,0,0,4,0,0,3,4,0,5,6,50,1,6,4,0,12,0,22,1,0,2,2,0,0,2,0,0,0,16,0,18,0,10,0,0,0,0,0,0,0,0,0,1,10,0,11,0,0,0,1,1873,4,0,0,0,103,0,0,0,0,570,879,3429
Air Transport,9,0,0,1,40,16,10,1,0,0,5,6,1,38,0,21,0,3,3,0,0,6,7,33,6,16,8,1,0,22,9,12,15,27,41,3,21,1,22,12,23,67,0,100,41,4,12,0,0,9,4,1,0,0,97,0,102,177,447,140,28,85,65,695,501,714,41,119,77,71,79,102,12,1507,577,64,44,0,7,76,67,174,53,20,83,41,0,70,176,110,32,31,135,6,13,0,56,24,2,36,16,15,8,31,0,0,0,49,9,210,0,35,0,0,0,0,0,0,0,0,0,1,8,2,19,11,6,1,56,8110,1495,0,0,0,0,0,0,0,0,1040,1517,12162
Warehousing And Support Activities For Transportation,1,0,0,0,1,1,0,1,0,0,0,0,0,1,0,0,0,1,1,0,0,1,0,0,1,2,1,0,0,1,2,25,0,0,0,1,1,0,6,1,3,3,0,1,0,0,1,0,0,1,0,0,0,0,0,0,0,3,42,4,11,8,610,574,43,1,0,1,0,0,2,3,0,7,2,4,0,0,0,0,1,1,1,0,1,0,0,1,2,0,0,1,2,0,1,0,0,0,0,0,0,0,0,1,0,0,0,5,0,1,0,0,0,0,0,0,0,0,0,0,0,0,0,0,0,0,0,0,0,1391,8,0,0,0,0,0,0,0,0,0,0,1399
Postal And Courier Activities,1,0,0,0,1,0,0,0,0,0,0,1,0,12,0,4,1,0,0,0,0,1,0,1,0,4,0,0,4,0,13,26,0,4,0,1,1,0,0,0,1,1,0,1,0,0,0,0,0,0,1,0,0,0,4,0,9,12,97,30,0,7,33,53,5,496,5,13,1,5,18,18,0,197,89,83,1,0,0,20,12,5,13,1,9,1,0,4,5,0,0,4,4,0,5,1,7,1,0,1,1,0,0,4,0,0,0,1,0,88,1,13,1,0,0,0,0,0,0,0,0,0,5,0,1,0,0,0,1,1464,9,0,0,0,0,0,0,0,0,0,0,1473
Accommodation,19,0,0,0,0,2,7,6,19,0,4,0,0,0,5,6,3,3,2,0,6,4,2,40,2,24,3,3,3,3,4,17,5,7,16,14,0,1,12,6,23,38,0,22,0,2,3,0,0,2,46,17,4,0,7,0,261,42,163,1140,0,128,30,90,96,0,201,124,11,63,47,101,11,910,1967,172,30,0,0,97,54,128,190,9,88,74,3,2,139,142,8,91,60,21,62,7,1273,0,1,30,17,11,0,5,0,0,0,8,8,593,69,154,144,0,0,10,0,0,0,0,5,10,41,5,592,0,2,1,40,10193,495,0,0,0,0,0,0,0,0,0,0,10688
Food And Beverage Service Activities,21,0,1,1,45,0,0,91,1,1,6,16,17,54,5,3,2,3,3,1,5,7,2,11,4,22,1,2,2,3,7,16,4,6,16,6,0,0,331,7,12,32,2,16,1,4,5,0,1,5,50,15,6,0,42,0,116,36,136,1113,32,17,17,105,79,9,29,152,15,37,74,49,6,278,244,4,44,0,1,26,30,19,35,4,18,7,1,1,0,9,2,14,56,3,25,0,524,18,1,0,4,7,7,6,0,0,0,5,3,520,318,379,12,0,0,0,0,0,0,0,2,2,3,0,408,5,2,0,33,6016,0,0,0,0,0,0,0,0,0,0,0,6016
Publishing Activities,0,0,0,0,0,0,0,0,5,0,0,0,0,6,0,0,0,1,0,1,0,7,122,0,1,0,1,4,1,1,5,11,1,0,0,0,3,0,0,1,4,3,0,1,7,0,0,0,0,1,3,1,1,0,1,0,1,3,24,29,0,0,0,1,4,2,0,2,79,0,9,38,3,37,4,5,0,0,0,2,0,17,5,0,2,7,0,0,0,0,2,0,33,0,1,0,1,0,0,1,0,0,1,1,0,0,0,0,0,11,27,0,6,0,1,4,0,0,0,0,0,0,1,0,0,0,0,0,2,559,1851,0,0,0,0,0,-15,0,0,0,0,2395
"Motion Picture, Video & TV Programme Production, Sound Recording & Music Publishing Activities & Programming And Broadcasting Activities",0,0,0,0,0,0,0,0,0,0,0,0,0,0,0,0,0,0,0,0,0,0,6,0,0,0,0,0,0,0,0,0,0,0,0,0,0,0,0,0,0,0,0,0,0,0,0,0,0,0,0,0,0,0,0,0,0,0,0,0,0,0,0,0,0,0,7,2,0,495,0,0,1,0,0,0,0,0,0,0,0,0,0,0,132,0,0,0,0,0,0,0,0,0,8,2,1,22,1,1,36,1,0,0,0,5,0,0,125,52,38,4,10,6,11,40,0,0,0,0,0,0,7,1,0,6,1,2,6,1029,404,0,0,0,0,0,-2,0,0,0,0,1431
Telecommunications,2,0,0,0,0,0,0,0,0,0,0,0,0,0,0,0,0,0,0,0,0,0,0,0,0,0,0,0,0,0,1,30,0,0,0,0,1,0,0,0,1,0,0,0,0,0,0,0,0,0,1,0,0,0,1,0,2,3,20,7,0,3,20,30,4,3,2,4,1,12,4469,7,0,27,11,13,1,3,0,3,1,6,2,0,7,1,0,1,1,1,0,1,2,0,0,1,0,0,0,1,1,0,0,1,0,0,0,0,0,18,1,6,2,0,0,0,0,0,0,0,0,0,0,0,0,0,0,0,0,4736,8,0,0,0,0,0,0,0,0,0,0,4744
"Computer Programming, Consultancy And Related Activities",0,0,0,0,3,0,0,0,0,0,0,0,3,1,0,0,0,8,0,0,0,0,11,1,22,1,0,0,0,0,4,51,0,0,1,0,81,0,68,1,4,31,0,4,14,0,19,0,0,60,4,1,1,0,1,0,43,18,506,11,3,5,7,8,3,5,4,4,67,5,103,900,157,33,18,20,16,0,0,4,26,128,62,9,5,50,0,3,106,3,19,21,110,0,4,3,2,1,0,1,8,0,75,255,0,0,0,1,0,23,1,4,2,0,0,3,0,0,0,0,0,3,3,2,0,0,0,1,1,3270,7,0,0,0,1011,0,5,0,0,0,0,4293
Information Service Activities,0,0,0,0,0,0,0,0,0,0,0,0,0,0,0,0,0,2,0,0,0,0,3,0,0,0,0,0,0,0,2,11,0,2,0,0,0,0,15,0,2,23,0,0,2,0,2,0,0,9,0,0,0,0,0,0,7,4,83,10,0,3,2,6,4,2,2,4,14,6,16,279,21,99,14,106,3,0,0,2,3,41,16,8,12,15,0,0,30,0,3,8,34,0,2,0,0,11,0,0,3,0,9,33,0,0,0,0,0,0,0,0,0,0,0,0,0,0,0,0,0,2,2,0,0,4,0,0,0,996,0,0,0,0,0,0,0,0,0,0,0,996
"Financial Service Activities, Except Insurance And Pension Funding",73,1,1,1,57,16,11,7,13,1,8,7,15,45,5,26,5,9,8,2,15,17,7,27,8,27,5,7,5,21,72,37,17,17,7,9,46,2,11,19,26,75,2,38,6,9,18,0,5,10,83,22,10,2,42,0,207,56,141,183,6,46,10,16,63,25,31,83,10,22,50,51,6,5436,90,43,321,2231,161,33,30,50,56,17,30,29,1,32,53,30,6,18,32,1,0,29,11,9,0,21,7,1,3,35,0,0,0,7,0,243,0,3,0,0,0,1,0,1,0,0,1,2,1,16,2,3,1,0,6,11144,0,0,0,0,0,0,0,0,0,0,0,11144
"Insurance, reinsurance and pension funding services, except compulsory social security",38,0,2,0,16,0,2,13,0,0,0,0,5,2,2,2,2,2,0,0,2,2,3,0,0,2,0,3,0,0,2,3,10,3,0,0,3,0,2,2,3,3,3,2,0,10,0,2,0,0,5,2,2,3,10,0,15,5,32,11,0,5,2,8,5,3,3,5,8,5,3,10,2,16,2717,2,21,51,0,2,2,10,15,2,2,3,0,3,6,2,2,6,8,0,2,8,2,0,0,2,2,0,0,2,0,2,0,0,0,41,10,24,6,0,0,2,0,0,0,0,0,2,2,5,0,0,0,0,0,3272,10,0,0,0,0,0,0,0,0,0,0,3282
Activities Auxiliary To Financial Services And Insurance Activities,0,0,0,0,0,2,0,0,0,0,0,2,0,0,0,2,0,0,0,0,0,2,2,3,5,8,0,0,2,3,2,15,2,5,3,0,18,0,2,2,2,38,0,2,2,0,2,0,0,2,0,0,0,0,18,0,45,8,174,42,2,8,24,19,7,3,9,29,5,4,24,59,8,1039,418,573,5,0,2,15,29,74,77,8,8,33,0,9,65,2,12,21,79,0,3,0,0,0,0,3,2,0,2,8,0,0,0,1,0,8,0,0,0,0,0,0,0,0,0,0,0,2,2,0,0,0,0,0,0,3116,8,0,0,0,0,0,0,0,0,0,0,3124
"Buying and selling, renting and operating of own or leased real estate, excluding imputed rent",3,0,0,0,0,0,0,1,0,0,0,0,1,2,0,0,0,0,0,0,1,1,2,0,0,0,0,0,0,0,1,2,0,0,0,0,3,0,1,1,2,1,0,1,0,1,0,0,0,1,3,3,2,0,8,0,54,7,118,269,1,12,7,11,10,6,5,15,3,2,20,8,1,95,70,1,20,6,1,6,2,1,3,7,3,1,0,1,2,8,0,5,1,0,2,1,0,1,0,1,1,0,1,7,0,1,0,1,0,156,15,65,10,0,1,3,0,0,0,0,0,0,2,1,0,0,0,0,0,1092,3,0,0,0,0,0,0,0,0,0,0,1095
OWNER-OCCUPIERS' HOUSING,0,0,0,0,0,0,0,0,0,0,0,0,0,0,0,0,0,0,0,0,0,0,0,0,0,0,0,0,0,0,0,0,0,0,0,0,0,0,0,0,0,0,0,0,0,0,0,0,0,0,0,0,0,0,0,0,0,0,0,0,0,0,0,0,0,0,0,0,0,0,0,0,0,0,0,0,0,0,0,0,0,0,0,0,0,0,0,0,0,0,0,0,0,0,0,0,0,0,0,0,0,0,0,0,0,0,0,0,0,0,0,0,0,0,0,0,0,0,0,0,0,0,0,0,0,0,0,0,0,0,3082,0,0,0,0,0,0,0,0,0,0,3082
Real estate services on a fee or contract basis,0,0,0,0,0,0,0,0,0,0,0,0,0,0,0,0,0,0,0,0,0,0,0,0,0,0,0,0,0,0,0,0,0,0,0,0,0,0,0,0,0,0,0,0,0,0,0,0,0,0,0,0,0,0,0,0,0,0,0,0,0,0,0,0,0,0,0,0,0,0,0,0,0,3,20,0,0,2,0,0,0,0,0,0,0,0,0,0,0,0,0,1,0,0,0,0,0,0,0,0,0,0,0,0,0,0,0,0,0,0,1,0,0,0,0,0,0,0,0,0,0,0,0,0,0,0,0,0,0,27,2,0,0,0,0,0,0,0,0,0,0,29
Legal activities,0,0,0,0,17,0,3,0,0,0,0,0,0,3,0,1,0,0,1,0,0,3,0,0,3,1,3,0,0,1,3,2,0,2,0,0,12,0,6,3,1,3,0,1,0,3,2,0,0,2,2,0,1,0,2,0,19,4,26,9,1,4,4,3,5,2,2,5,1,4,3,24,4,55,24,6,4,14,2,98,14,15,22,3,15,5,0,15,9,1,3,4,15,0,2,1,3,1,0,2,3,0,2,89,0,0,0,1,0,81,0,43,0,0,0,0,0,0,1,0,0,1,2,1,1,0,0,0,1,760,3,0,0,0,0,0,0,0,0,0,0,763
"Accounting, bookkeeping and auditing activities; tax consultancy",1,0,0,0,1,0,0,0,0,0,0,0,0,0,0,0,0,0,0,0,0,0,3,0,0,0,0,0,0,0,4,5,0,0,0,0,0,0,0,0,1,12,0,2,0,0,0,0,0,3,2,0,0,0,0,0,15,4,45,12,0,4,1,1,5,1,2,5,4,2,2,19,3,40,13,1,4,0,0,11,201,7,30,0,1,6,0,2,6,1,1,2,9,0,1,0,0,0,0,0,0,0,0,16,0,0,0,0,0,7,0,10,0,0,0,0,0,0,0,0,0,0,0,0,0,0,0,0,0,528,13,0,0,0,0,0,0,0,0,0,0,541
Activities Of Head Offices; Management Consultancy Activities,0,0,0,0,0,0,0,0,0,0,0,0,0,0,0,6,1,2,1,1,0,2,1,0,0,1,0,0,2,0,2,1,0,0,0,0,0,0,0,2,2,50,0,0,0,1,1,0,0,0,1,0,0,0,0,0,15,6,45,64,1,2,1,2,5,2,3,6,13,6,6,85,9,128,15,2,4,0,0,3,2,92,15,0,27,20,0,2,51,1,7,11,51,0,1,0,0,1,0,2,3,0,6,2,0,1,0,1,0,22,1,0,0,0,1,2,0,0,0,0,0,2,1,0,0,0,0,0,0,825,0,0,0,0,0,0,0,0,0,0,0,825
Architectural And Engineering Activities; Technical Testing And Analysis,2,0,0,0,8,2,2,1,5,0,1,1,1,26,0,3,0,2,2,0,2,3,8,1,1,3,0,1,0,1,7,9,1,5,2,1,46,0,39,12,11,7,0,24,0,2,4,0,2,33,12,1,2,0,2,0,197,21,63,33,2,9,5,1,21,7,7,15,15,10,12,108,15,80,29,3,21,26,4,11,11,59,195,15,20,32,1,21,56,4,8,22,64,0,3,1,2,2,0,4,6,1,7,73,0,6,0,2,3,41,4,65,0,0,0,2,0,0,0,1,1,3,4,0,0,1,1,0,2,1756,0,0,0,0,0,0,0,0,0,0,0,1756
Scientific Research And Development,0,0,0,0,0,0,0,0,0,0,0,0,0,0,0,0,0,0,0,0,0,0,0,0,0,0,0,0,0,0,0,0,0,0,0,0,0,0,0,0,0,0,0,0,0,0,0,0,0,0,0,0,0,0,0,0,0,0,0,0,0,0,0,0,0,0,0,0,0,0,0,0,0,0,0,0,0,0,0,0,0,0,0,341,0,0,0,0,0,0,0,0,0,0,0,0,0,0,0,0,0,0,0,0,0,0,0,0,0,0,0,0,0,0,0,0,0,0,0,11,0,0,0,0,0,0,0,0,0,352,0,0,0,0,2072,0,0,0,0,0,0,2424
Advertising And Market Research,4,0,0,0,2,0,1,3,6,0,2,13,12,22,1,15,7,4,2,1,2,4,8,1,0,0,0,4,7,3,18,9,2,4,1,1,36,0,5,14,19,13,1,4,4,18,6,0,0,15,13,4,1,0,6,0,24,38,131,103,6,28,58,76,21,17,11,30,60,15,40,114,14,138,79,10,14,14,2,12,4,112,44,3,18,36,0,25,71,3,13,19,84,0,4,1,6,3,0,6,7,2,8,88,0,1,0,2,8,79,3,7,0,0,1,4,0,0,0,0,0,3,4,1,2,1,0,0,6,2052,0,0,0,0,0,0,0,0,0,0,0,2052
"Other Professional, Scientific And Technical Activities",5,0,0,0,11,1,2,13,5,0,4,2,0,12,1,6,2,1,1,0,4,7,4,9,2,9,1,1,2,6,22,27,2,8,4,2,15,1,10,17,27,15,2,17,2,2,8,1,1,8,19,1,1,1,12,1,216,101,418,106,11,72,14,17,80,41,34,101,8,78,64,873,89,441,194,43,40,0,2,56,22,565,229,226,74,677,2,51,27,9,22,80,710,1,104,6,14,13,1,39,36,5,44,46,0,53,0,8,0,332,225,148,31,4,8,34,0,0,0,7,2,12,83,4,3,5,1,1,19,7419,56,0,0,0,0,0,0,0,0,0,0,7475
Veterinary Activities,0,0,0,0,0,0,0,0,0,0,0,0,0,0,0,0,0,0,0,0,0,0,0,0,0,0,0,0,0,0,0,0,0,0,0,0,0,0,0,0,0,0,0,0,0,0,0,0,0,0,0,0,0,0,0,0,0,0,0,0,0,0,0,0,0,0,0,0,0,0,0,0,0,0,0,0,0,0,0,0,0,0,0,0,0,0,0,0,0,0,0,0,0,0,0,0,0,0,0,0,0,0,0,0,0,0,0,0,0,0,0,0,0,0,0,0,0,0,0,0,0,0,0,0,0,0,0,0,0,0,0,0,0,0,0,0,0,0,0,0,0,0
Rental And Leasing Activities,6,2,0,4,20,20,11,6,2,0,4,2,4,21,2,6,2,18,2,0,2,20,7,2,11,4,11,2,2,4,4,37,6,76,6,2,37,0,6,7,9,30,2,6,2,18,4,0,0,6,9,6,2,0,57,0,490,45,30,13,96,82,0,2,65,13,2,4,9,6,6,18,2,13,20,7,4,4,0,6,4,4,6,2,4,2,0,54,7,13,2,3,6,0,8,3,1,0,0,2,3,0,2,49,0,20,0,7,1,17,94,62,10,0,2,3,0,0,0,0,0,1,7,1,0,0,0,0,2,1868,7,0,0,0,0,0,0,0,0,0,0,1875
Employment Activities,1,0,0,0,15,0,0,15,7,0,2,1,6,92,0,1,1,8,0,0,1,9,1,1,0,0,0,0,1,1,7,29,1,9,1,0,4,0,83,8,15,6,1,2,7,6,5,0,0,119,12,8,4,2,12,0,58,10,224,49,2,24,5,5,26,10,12,34,83,20,27,407,45,192,42,12,9,0,2,17,9,253,73,96,35,78,0,16,364,5,33,39,182,0,6,10,16,5,0,4,57,0,26,169,0,2,0,2,0,60,48,92,18,1,1,4,0,0,0,4,1,5,5,6,14,2,0,3,2,3565,2,0,0,0,0,0,0,0,0,0,0,3567
"Travel Agency, Tour Operator And Other Reservation Service And Related Activities",0,0,0,0,0,0,0,0,0,0,0,0,0,0,0,0,0,0,0,0,0,0,0,0,0,0,0,0,0,0,0,0,0,0,0,0,0,0,0,0,0,0,0,0,0,0,0,0,0,0,0,0,0,0,0,0,0,1,1,2,0,2,78,76,1,0,0,1,0,0,1,0,0,1,0,0,0,0,0,0,0,0,0,0,0,0,0,0,0,7,0,0,0,0,0,0,0,0,0,0,0,0,0,0,0,0,0,0,0,0,0,0,0,0,0,0,0,0,0,0,0,0,0,0,0,0,0,0,0,171,2,0,0,0,0,0,0,0,0,0,0,173
Security And Investigation Activities,0,0,0,0,0,0,0,0,0,0,0,0,0,0,0,0,0,0,0,0,0,0,0,0,0,0,0,0,0,0,0,0,0,0,0,0,0,0,0,0,0,0,0,0,0,0,0,0,0,0,0,0,0,0,0,0,0,0,0,0,0,0,0,0,0,0,0,0,0,0,0,0,0,0,0,0,0,0,0,0,0,0,0,0,0,0,0,0,0,0,0,0,0,0,0,0,0,0,0,0,0,0,0,0,0,0,0,0,0,0,0,0,0,0,0,0,0,0,0,0,0,0,0,0,0,0,0,0,0,0,0,0,0,0,0,0,0,0,0,0,0,0
Services To Buildings And Landscape Activities,0,0,0,0,0,0,0,0,0,0,0,0,0,0,0,0,0,0,0,0,0,0,0,0,0,0,0,0,0,0,0,0,0,0,0,0,0,0,0,0,0,0,0,0,0,0,0,0,0,0,0,0,0,0,0,0,0,0,0,0,0,0,0,0,0,0,0,0,0,0,0,0,0,0,0,0,0,0,0,0,0,0,0,0,0,0,0,0,0,0,0,1,0,0,0,0,0,0,0,0,0,0,0,0,0,0,0,0,0,0,0,0,0,0,0,0,0,0,0,0,0,0,0,0,0,0,0,0,0,1,3,0,0,0,0,0,0,0,0,0,0,4
"Office Administrative, Office Support And Other Business Support Activities",10,0,1,0,9,1,6,0,19,0,5,3,5,9,1,7,4,4,1,0,9,15,5,23,3,25,3,1,2,9,44,44,7,0,8,6,0,1,21,30,45,25,3,15,12,16,15,1,2,18,21,6,1,2,28,3,391,185,1085,434,21,260,14,37,194,86,75,228,16,175,138,1575,190,900,279,97,71,0,4,113,44,1394,369,291,100,481,4,97,0,28,69,101,2925,2,2,15,51,57,4,85,82,3,79,97,0,81,0,21,75,480,459,71,45,7,12,48,0,0,0,10,4,14,2,8,21,18,6,4,13,14901,0,0,0,0,0,0,0,0,0,0,0,14901
Public Administration And Defence; Compulsory Social Security,0,0,0,0,0,0,0,0,0,0,0,0,0,0,0,0,0,0,0,0,0,0,0,0,0,0,0,0,0,0,0,0,0,0,0,0,0,0,0,0,0,0,0,0,0,0,0,0,0,0,0,0,0,0,0,0,0,0,0,0,0,0,0,0,0,0,0,0,0,0,0,0,0,0,0,0,1,0,0,0,0,0,1,0,0,0,0,0,0,0,0,0,0,0,0,0,0,0,0,0,0,0,0,0,0,0,0,0,0,0,0,0,0,0,0,0,0,0,0,0,0,0,0,0,0,0,0,0,0,2,8,0,0,0,0,0,0,0,0,0,0,10
Education,0,0,0,0,0,0,0,0,0,0,0,0,0,2,0,0,0,0,0,0,0,0,0,0,2,0,2,0,0,0,0,16,0,0,0,0,2,0,2,0,0,4,0,0,0,0,0,0,0,2,0,0,0,0,0,0,0,0,4,0,0,0,18,30,0,0,0,0,2,0,0,5,0,2,0,18,0,0,0,0,0,130,14,2,2,50,0,0,116,0,19,24,117,0,1,0,0,0,0,2,0,0,0,4,0,0,0,0,0,7,3,0,0,0,0,0,0,0,0,0,0,3,1,0,0,0,0,0,0,606,95,0,0,0,0,0,0,0,0,0,0,701
Human Health Activities,0,0,0,0,0,0,0,0,0,0,0,0,0,0,0,0,0,0,0,0,0,0,0,0,0,0,0,0,0,0,0,0,0,0,0,0,0,0,0,0,0,0,0,0,0,0,0,0,0,0,0,0,0,0,0,0,0,0,0,0,0,0,0,0,0,0,0,0,0,0,0,4,0,2,8,0,0,0,0,0,0,0,0,0,0,0,0,0,0,0,0,0,0,0,0,132,0,0,0,0,0,0,0,0,0,0,0,0,0,7,0,155,0,0,0,0,0,0,0,0,0,0,0,71,0,0,0,0,0,379,2274,0,0,0,0,0,0,0,0,0,0,2653
Residential Care & Social Work Activities,0,0,0,0,0,0,0,0,0,0,0,0,0,0,0,0,0,0,0,0,0,0,0,0,0,0,0,0,0,0,0,0,0,0,0,0,0,0,0,0,0,0,0,0,0,0,0,0,0,0,0,0,0,0,0,0,0,0,0,0,0,0,0,0,0,0,0,0,0,0,0,0,0,0,0,0,0,0,0,0,0,0,0,0,0,0,0,0,0,0,0,0,0,0,0,0,0,0,0,0,0,0,0,0,0,0,0,0,0,0,0,0,5,0,0,0,0,0,0,0,0,0,0,0,0,0,0,0,0,5,5,0,0,0,0,0,0,0,0,0,0,10
"Creative, Arts And Entertainment Activities",0,0,0,0,0,0,0,0,0,0,0,0,0,0,0,0,0,0,0,0,0,0,20,0,0,0,0,0,0,0,0,0,0,0,5,0,0,0,0,0,0,0,0,0,0,0,0,0,0,0,0,0,0,0,0,0,0,0,0,0,0,0,0,7,0,24,33,30,179,555,12,0,7,39,0,2,0,0,0,5,4,13,0,0,12,0,0,0,24,0,0,0,50,3,8,9,166,632,3,0,118,9,0,11,0,12,0,0,16,159,46,16,26,12,38,81,0,0,0,0,0,0,6,7,41,274,5,8,35,2762,2565,0,0,0,0,0,62,0,0,0,0,5389
"Libraries, Archives, Museums And Other Cultural Activities",0,0,0,0,0,0,0,0,0,0,0,0,0,0,0,0,0,0,0,0,0,0,4,0,0,0,0,0,0,0,0,0,0,0,0,0,0,0,0,0,0,0,0,0,0,0,0,0,0,0,0,0,0,0,0,0,0,0,0,0,0,0,0,0,0,0,0,0,45,95,0,0,0,0,0,0,0,0,0,1,1,2,11,0,23,1,0,0,2,0,0,0,2,0,5,0,2,8,37,0,41,1,0,1,0,1,0,0,0,64,10,5,2,14,14,46,0,0,0,0,0,0,4,0,2,2,50,2,3,501,1212,0,0,0,0,-9,123,0,0,0,0,1827
Gambling And Betting Activities,0,0,0,0,0,0,0,0,0,0,0,0,0,0,0,0,0,0,0,0,0,0,0,0,0,0,0,0,0,0,0,0,0,0,0,0,0,0,0,0,0,0,0,0,0,0,0,0,0,0,0,0,0,0,0,0,0,0,0,0,0,0,0,0,0,0,115,0,0,0,0,0,0,341,0,0,0,0,0,0,0,0,0,0,0,0,0,0,0,0,0,0,0,0,0,0,0,0,0,1227,420,95,0,0,0,0,0,0,0,0,0,0,0,0,0,0,0,0,0,0,0,0,0,0,0,0,0,19,414,2631,760,0,0,0,0,0,0,0,0,0,0,3391
Sports Activities And Amusement And Recreation Activities,0,0,0,0,27,0,6,0,0,1,0,1,0,0,0,0,0,1,0,0,0,0,1,0,0,0,0,0,0,0,0,0,0,4,0,0,0,0,0,0,0,0,0,1,2,0,1,0,0,3,0,0,0,0,2,0,4,1,1,1,0,0,0,0,1,1,0,1,8,8,4,4,0,21,26,0,11,0,0,1,1,1,1,8,1,2,0,0,6,50,1,5,1,0,0,0,2,0,0,2,4,1,0,1,0,6,0,0,92,65,32,0,8,11,12,45,0,0,0,0,0,1,0,0,0,0,0,0,6,508,438,0,0,0,0,0,0,0,0,0,0,946
Activities Of Membership Organisations,0,0,0,0,0,0,0,0,0,0,0,0,0,0,0,0,0,0,0,0,0,0,0,0,0,0,0,0,0,0,0,0,0,0,0,0,0,0,0,0,0,0,0,0,0,0,0,0,0,0,0,0,0,0,0,0,0,0,0,0,0,0,0,0,0,0,0,0,0,0,0,0,0,0,0,0,0,0,0,0,0,0,0,0,0,0,0,0,0,0,0,0,0,0,0,0,0,0,0,0,0,0,0,0,0,0,0,0,0,0,0,0,0,0,0,0,0,0,0,0,0,0,0,0,0,0,0,0,0,0,0,0,0,0,0,0,0,0,0,0,0,0
Repair Of Computers And Personal And Household Goods,0,0,0,0,1,0,0,0,0,0,0,0,0,0,0,0,0,0,0,0,0,0,1,0,0,0,0,0,0,1,0,0,0,0,0,0,0,0,0,0,0,2,0,0,0,0,0,0,0,0,0,0,0,0,3,0,0,0,39,13,0,7,1,7,5,2,1,1,6,5,0,61,7,32,6,9,0,3,0,1,3,9,9,1,1,3,0,1,10,0,1,2,8,2,17,2,2,0,0,2,1,0,17,13,0,4,0,0,0,388,16,111,20,0,2,8,0,0,0,0,0,0,14,1,1,0,0,0,0,883,2,0,0,0,0,0,0,0,0,0,0,885
Other Personal Service Activities,0,0,0,0,0,0,0,0,0,0,0,0,0,0,0,0,0,0,0,0,0,0,0,0,0,0,0,0,0,0,0,0,0,0,0,0,0,0,0,0,0,0,0,0,0,0,0,0,0,0,0,0,0,0,0,0,0,0,0,1,0,0,15,13,0,1,0,1,0,0,0,0,0,3,0,0,0,0,0,0,0,0,0,0,0,0,0,1,0,0,0,0,0,0,0,0,1,0,0,0,0,0,0,1,0,0,0,0,0,3,0,3,0,0,0,0,0,0,0,0,0,0,0,0,0,0,0,0,0,43,130,0,0,0,0,0,0,0,0,0,0,173
Activities Of Households As Employers Of Domestic Personnel,0,0,0,0,0,0,0,0,0,0,0,0,0,0,0,0,0,0,0,0,0,0,0,0,0,0,0,0,0,0,0,0,0,0,0,0,0,0,0,0,0,0,0,0,0,0,0,0,0,0,0,0,0,0,0,0,0,0,0,0,0,0,0,0,0,0,0,0,0,0,0,0,0,0,0,0,0,0,0,0,0,0,0,0,0,0,0,0,0,0,0,0,0,0,0,0,0,0,0,0,0,0,0,0,0,0,0,0,0,0,0,0,0,0,0,0,0,0,0,0,0,0,0,0,0,0,0,0,0,0,34,0,0,0,0,0,0,0,0,0,0,34
Total,3066,81,233,110,1130,616,289,1451,742,413,752,789,694,2320,1349,1039,233,1931,714,213,1710,4188,2152,11162,1137,5090,734,956,823,2326,5384,6243,1482,1218,2922,4589,5881,565,5833,3716,8803,19416,499,6296,559,917,1236,185,539,1315,9094,4044,241,350,816,13,12756,4766,9899,7784,426,3370,1966,3868,2076,1869,2722,7132,1077,2133,9917,6058,693,13836,7421,1691,997,2506,223,781,648,3585,2029,1374,1063,1904,105,951,1655,570,416,1174,5239,239,813,480,3110,922,61,1752,1037,165,450,1597,0,1065,7,205,355,11091,2320,13534,688,55,129,441,0,1,1,48,147,139,573,299,1382,380,103,50,835,311753,147904,0,4859,0,46163,-226,-902,11869,19749,2301,3124,546594
