,,01,02,03,05,06&07,08,09,10.1,10.2-3,10.4,10.5,10.6,10.7,10.8,10.9,11.01-6 and 12,11.07,13,14,15,16,17,18,19,20A,20B,20C,20.3,20.4,20.5,21,22,23OTHER,23.5-6,24.1-3,24.4-5,25OTHER,25.4,26,27,28,29,30.1,30.3,30OTHER,31,32,33.15,33.16,33OTHER,35.1,35.2-3,36,37,38,39,41-43,45,46,47,49.1-2,49.3-5,50,51,52,53,55,56,58,59-60,61,62,63,64,65,66,68.1-2,68.2IMP,68.3,69.1,69.2,70,71,72,73,74,75,77,78,79,80,81,82,84,85,86,87-88,90,91,92,93,94,95,96,97,38g,49.3-5g,52g,59-60g,84g,85g,86g,87-88g,90g,91g,93g,64n,68.1-2n,69.1n,72n,75n,81n,85n,86n,87-88n,90n,91n,93n,94n,,,,,,,,,,,,,
,,"Products of agriculture, hunting and related services         ","Products of forestry, logging and related services         ",Fish and other fishing products; aquaculture products; support services to fishing     ,Coal and lignite             ,Extraction Of Crude Petroleum And Natural Gas  & Mining Of Metal Ores,Other mining and quarrying products           ,Mining support services             ,Preserved meat and meat products           ,"Processed and preserved fish, crustaceans, molluscs, fruit and vegetables       ",Vegetable and animal oils and fats          ,Dairy products              ,"Grain mill products, starches and starch products         ",Bakery and farinaceous products            ,Other food products             ,Prepared animal feeds             ,Alcoholic beverages & Tobacco products        ,Soft drinks              ,Textiles               ,Wearing apparel              ,Leather and related products            ,"Wood and of products of wood and cork, except furniture; articles of straw and plaiting materials",Paper and paper products            ,Printing and recording services            ,Coke and refined petroleum products           ,"Industrial gases, inorganics and fertilisers (all inorganic chemicals) - 20.11/13/15      ",Petrochemicals - 20.14/16/17/60             ,"Dyestuffs, agro-chemicals - 20.12/20            ","Paints, varnishes and similar coatings, printing ink and mastics       ","Soap and detergents, cleaning and polishing preparations, perfumes and toilet preparations     ",Other chemical products             ,Basic pharmaceutical products and pharmaceutical preparations          ,Rubber and plastic products            ,"Glass, refractory, clay, other porcelain and ceramic, stone and abrasive products - 23.1-4/7-9   ","Cement, lime, plaster and articles of concrete, cement and plaster ",Basic iron and steel            ,Other basic metals and casting           ,"Fabricated metal products, excl. machinery and equipment and weapons & ammunition - 25.1-3/25.5-9   ",Weapons and ammunition             ,"Computer, electronic and optical products           ",Electrical equipment              ,Machinery and equipment n.e.c.            ,"Motor vehicles, trailers and semi-trailers           ",Ships and boats             ,Air and spacecraft and related machinery          ,Other transport equipment - 30.2/4/9           ,Furniture               ,Other manufactured goods             ,Repair and maintenance of ships and boats         ,Repair and maintenance of aircraft and spacecraft         ,Rest of repair; Installation - 33.11-14/17/19/20          ,"Electricity, transmission and distribution",Gas; distribution of gaseous fuels through mains; steam and air conditioning supply    ,Natural water; water treatment and supply services         ,Sewerage services; sewage sludge            ,"Waste collection, treatment and disposal services; materials recovery services       ",Remediation services and other waste management services         ,Construction,Wholesale and retail trade and repair services of motor vehicles and motorcycles    ,"Wholesale trade services, except of motor vehicles and motorcycles       ","Retail trade services, except of motor vehicles and motorcycles       ",Rail transport services             ,"Land transport services and transport services via pipelines, excluding rail transport     ",Water transport services             ,Air transport services             ,Warehousing and support services for transportation          ,Postal and courier services            ,Accommodation services              ,Food and beverage serving services           ,Publishing services              ,"Motion Picture, Video & TV Programme Production, Sound Recording & Music Publishing Activities & Programming And Broadcasting Activities",Telecommunications services              ,"Computer programming, consultancy and related services          ",Information services              ,"Financial services, except insurance and pension funding         ","Insurance, reinsurance and pension funding services, except compulsory social security",Services auxiliary to financial services and insurance services        ,"Real estate services, excluding on a fee or contract basis and imputed rent   ",Owner-Occupiers' Housing Services,Real estate services on a fee or contract basis       ,Legal services              ,"Accounting, bookkeeping and auditing services; tax consulting services        ",Services of head offices; management consulting services         ,Architectural and engineering services; technical testing and analysis services       ,Scientific research and development services           ,Advertising and market research services           ,"Other professional, scientific and technical services          ",Veterinary services              ,Rental and leasing services            ,Employment services              ,"Travel agency, tour operator and other reservation services and related services     ",Security and investigation services            ,Services to buildings and landscape           ,"Office administrative, office support and other business support services       ",Public administration and defence services; compulsory social security services       ,Education services              ,Human health services             ,Residential Care  & Social Work Activities,"Creative, arts and entertainment services           ","Libraries, archives, museums and other cultural services         ",Gambling and betting services            ,Sports services and amusement and recreation services         ,Services furnished by membership organisations           ,Repair services of computers and personal and household goods       ,Other personal services             ,Services of households as employers of domestic personnel        ,"Waste collection, treatment and disposal services; materials recovery services non-market","Land transport services and transport services via pipelines, excluding rail transport non-market",Warehousing and support services for transportation non-market,"Motion Picture, Video & TV Programme Production, Sound Recording & Music Publishing Activities & Programming And Broadcasting Activities non-market",Public administration and defence services; compulsory social security services non-market,Education services non-market,Human health services non-market,Residential Care & Social Work Activities non-market,"Creative, arts and entertainment services non-market","Libraries, archives, museums and other cultural services non-market",Sports services and amusement and recreation services non-market,Financial Services NPISH,Real Estate services NPISH,Legal services NPISH,Scientific research and development services NPISH,Veterinary services NPISH,Services to buildings and landscape NPISH,Education services NPISH,Human health services NPISH,Residential Care & Social Work Activities NPISH,"Creative, arts and entertainment services NPISH","Libraries, archives, museums and other cultural services NPISH",Sports services and amusement and recreation services NPISH,Services furnished by membership organisations NPISH,Total Intermediate Demand,Households,Non-Profit Institutions Serving Households,Central Government,Local Authorities,Gross Fixed Capital Formation,Valuables,Changes in Inventories,Exports of Goods - EU,Exports of Goods - Non EU,Exports of Services - EU,Exports of Services - Non EU,Total Demand for Products at Basic Prices
01,"Products of agriculture, hunting and related services         ",740,3,0,0,0,0,0,429,94,18,270,174,62,214,68,161,7,2,0,1,0,0,1,1,2,8,0,0,18,4,8,57,0,0,1,0,0,0,0,0,0,0,0,0,0,0,1,0,0,0,1,0,0,0,0,0,17,8,216,64,0,4,37,0,0,0,24,80,0,1,0,5,0,0,0,0,8,0,0,0,0,0,1,12,0,0,0,14,2,0,0,0,1,0,6,1,0,0,1,1,3,0,0,0,0,0,0,0,0,0,0,2,2,0,0,0,0,0,0,0,0,0,4,0,0,0,0,0,0,"2,858","6,992",0,0,0,4,0,56,0,0,0,0,"9,910"
02,"Products of forestry, logging and related services         ",0,13,0,0,0,0,0,0,0,0,0,0,0,0,0,0,0,0,0,0,32,0,0,0,0,0,0,0,0,1,0,0,0,0,0,0,0,0,0,0,0,0,0,0,0,1,0,0,0,0,0,0,0,0,0,0,12,0,1,0,0,0,0,0,0,0,2,0,0,0,0,0,0,0,0,0,0,0,0,0,0,0,0,0,0,0,0,0,0,0,0,0,0,0,0,0,0,0,0,0,1,0,0,0,0,0,0,0,0,0,0,0,0,0,0,0,0,0,0,0,0,0,0,0,0,0,0,0,0,66,0,0,0,0,0,0,0,0,0,0,0,66
03,Fish and other fishing products; aquaculture products; support services to fishing     ,0,0,81,0,0,0,0,0,236,1,0,0,0,0,0,0,5,0,0,0,0,0,0,0,0,0,0,0,0,0,0,0,0,0,0,0,0,0,0,0,0,0,0,0,0,0,0,0,0,0,0,0,0,0,0,0,0,0,3,3,0,1,19,0,0,0,31,59,0,0,0,0,0,0,0,0,0,0,0,0,0,0,0,1,0,0,0,1,0,0,0,0,0,0,0,0,0,0,0,0,0,0,0,0,0,0,0,0,0,0,0,0,0,0,0,0,0,0,0,0,0,0,0,0,0,0,0,0,0,442,0,0,0,0,0,0,-9,0,0,0,0,433
05,Coal and lignite             ,0,0,0,3,0,0,0,1,1,0,1,1,1,10,1,0,0,0,0,0,0,5,0,6,0,0,2,0,1,0,0,0,0,12,0,2,5,0,0,1,0,1,0,0,0,0,0,0,0,0,851,157,0,0,0,0,16,0,1,0,0,10,0,0,0,0,0,4,0,0,0,3,0,0,0,0,0,0,0,3,3,0,9,1,0,2,0,2,5,0,0,0,4,0,0,0,0,0,0,0,0,0,0,0,0,0,0,0,0,0,2,0,0,0,0,0,0,0,0,0,0,0,0,0,0,0,0,0,0,"1,130",0,0,0,0,0,0,8,0,0,0,0,"1,138"
06&07,Extraction Of Crude Petroleum And Natural Gas  & Mining Of Metal Ores,0,0,0,0,35,0,2,0,0,0,0,0,0,0,0,0,0,0,0,0,0,1,0,"9,144",9,11,117,2,1,33,3,0,3,0,154,323,0,1,2,0,6,2,0,0,0,2,4,0,1,4,"4,424","4,538",0,0,0,0,114,0,27,0,0,57,0,0,0,0,0,42,1,0,0,49,2,0,0,0,7,0,0,17,16,0,50,18,0,11,0,32,29,0,3,0,23,0,0,0,0,0,0,0,0,0,1,0,0,0,0,0,0,0,0,0,0,0,0,0,0,0,0,0,0,0,0,0,0,0,0,0,0,"19,321",0,0,0,0,0,0,-300,0,0,191,189,"19,401"
08,Other mining and quarrying products           ,0,0,0,0,0,200,0,0,0,0,0,0,0,4,0,0,0,0,0,0,1,15,1,1,26,24,3,16,1,4,2,0,144,137,0,20,1,0,1,0,1,0,0,0,0,0,9,0,0,2,0,0,0,0,0,0,169,0,152,11,1,14,0,0,30,0,1,6,0,0,0,1,0,0,0,0,1,0,0,0,1,0,2,4,0,1,0,2,3,1,1,9,1,0,0,0,0,0,0,0,0,0,0,4,0,0,0,3,0,0,0,0,0,0,0,0,0,0,0,0,0,1,0,0,0,0,0,0,0,"1,034",0,0,0,0,0,0,-30,0,0,0,0,"1,004"
09,Mining support services             ,0,0,0,0,243,0,11,0,0,0,0,0,0,0,0,0,0,0,0,0,0,0,0,0,0,0,0,0,0,0,0,0,0,0,0,0,0,0,0,0,0,0,0,0,0,0,0,0,0,0,0,0,0,0,0,0,2,0,4,0,0,2,0,0,0,0,0,1,0,0,0,0,0,0,0,0,0,0,0,0,0,0,2,2,0,0,0,0,0,0,0,0,0,0,0,0,0,0,0,0,0,0,0,0,0,0,0,0,0,0,0,0,0,0,0,0,0,0,0,0,0,0,0,0,0,0,0,0,0,268,0,0,0,0,0,0,0,0,0,0,0,268
10.1,Preserved meat and meat products           ,1,0,0,0,0,0,0,256,2,7,1,1,15,46,20,1,0,4,1,31,0,0,0,0,0,0,0,0,4,1,1,0,0,1,2,0,0,0,3,0,0,1,0,0,0,0,0,0,0,0,0,0,0,0,0,0,1,0,20,24,0,1,0,2,0,1,20,40,0,0,1,2,0,5,1,0,0,0,0,0,0,4,1,1,1,0,0,1,1,0,0,0,7,0,2,0,1,0,0,0,0,0,0,2,0,0,0,0,0,7,8,18,4,0,0,3,0,0,0,0,0,0,2,0,1,0,0,0,0,584,"5,984",0,0,0,0,0,-50,0,0,0,0,"6,518"
10.2-3,"Processed and preserved fish, crustaceans, molluscs, fruit and vegetables       ",0,0,3,0,0,0,0,5,32,2,6,9,19,18,88,2,2,0,0,0,0,0,0,0,0,1,0,0,1,1,4,1,0,0,1,0,0,0,0,0,0,0,0,0,0,0,0,0,0,0,1,0,0,0,0,0,1,0,32,27,0,1,0,0,1,1,16,43,0,0,1,1,0,8,0,0,0,0,0,0,0,2,0,1,1,0,0,0,1,0,0,0,2,0,2,0,2,0,0,1,1,0,0,2,0,0,0,0,0,1,2,4,1,0,0,0,0,0,0,0,0,0,1,0,0,0,0,0,0,354,"5,331",0,0,0,0,0,-5,0,0,0,0,"5,680"
10.4,Vegetable and animal oils and fats          ,2,0,0,0,0,0,0,59,49,325,14,17,65,115,146,0,1,0,0,1,0,0,0,14,2,7,0,13,16,8,4,0,0,0,0,0,0,0,0,0,0,0,0,0,0,0,0,0,0,0,0,0,0,0,0,0,5,2,56,53,0,2,1,3,2,13,15,51,0,1,0,3,0,17,2,0,1,0,0,1,1,11,1,5,1,4,0,1,12,0,1,4,8,0,9,3,140,0,1,1,0,0,0,4,0,0,0,0,0,1,0,7,8,0,0,0,0,0,0,0,0,1,7,2,53,0,0,0,2,"1,378",513,0,0,0,0,0,-1,0,0,0,0,"1,890"
10.5,Dairy products              ,1,0,0,0,1,0,0,8,7,5,128,3,36,58,2,1,2,0,0,0,0,0,0,0,0,0,0,0,5,1,4,0,0,0,3,0,0,0,0,0,0,1,0,1,0,0,0,0,0,0,1,0,0,0,1,0,1,1,38,59,1,2,1,1,1,2,18,47,0,2,3,2,0,28,1,1,1,0,0,0,0,3,1,2,1,1,0,1,3,0,0,1,2,0,4,1,8,0,1,1,1,0,0,0,0,0,0,0,0,0,5,6,0,0,0,0,0,0,0,0,0,0,3,0,2,0,0,0,1,524,"2,418",0,0,0,0,0,66,0,0,0,0,"3,008"
10.6,"Grain mill products, starches and starch products         ",0,0,0,0,0,0,0,23,14,10,5,276,109,93,42,40,0,0,0,0,0,13,0,0,0,0,0,0,7,1,4,0,0,0,0,0,0,0,0,0,0,0,0,0,0,0,0,0,0,0,0,0,0,0,0,0,1,0,93,6,0,1,0,0,0,0,2,10,0,0,0,0,0,0,0,0,0,0,0,0,0,0,0,3,0,0,0,1,1,0,0,0,0,0,2,0,0,0,0,0,0,0,0,0,0,0,0,0,0,0,0,2,0,0,0,0,0,0,0,0,0,0,1,0,0,0,0,0,0,763,583,0,0,0,0,0,9,0,0,0,0,"1,355"
10.7,Bakery and farinaceous products            ,0,0,0,0,0,0,0,0,0,0,0,0,3,0,0,0,0,0,0,0,0,0,0,0,0,0,0,0,0,0,0,0,0,0,2,0,0,0,0,0,0,0,0,0,0,0,0,0,0,0,1,0,0,0,0,0,1,0,37,69,0,0,1,0,1,1,21,57,0,0,1,0,0,2,1,1,0,0,0,0,0,0,0,1,0,0,0,0,2,0,0,0,1,0,2,0,7,0,1,1,0,0,0,0,0,0,0,0,0,0,1,5,2,0,0,0,0,0,0,0,0,0,2,0,2,0,0,0,0,224,"1,793",0,0,0,0,0,-8,0,0,0,0,"2,009"
10.8,Other food products             ,3,0,0,0,0,0,0,30,28,4,34,23,123,440,33,14,31,0,0,0,0,0,1,0,1,1,0,0,40,7,15,0,1,3,1,0,0,0,0,0,1,0,0,0,0,0,0,0,0,0,2,0,0,0,0,0,9,2,112,53,0,4,4,2,20,2,13,42,0,2,3,5,0,89,1,22,3,0,0,0,0,3,2,7,1,1,0,2,4,0,0,2,40,0,4,0,10,0,2,2,1,0,0,15,0,0,0,2,0,0,2,10,7,0,0,0,0,0,0,0,0,0,2,0,4,0,0,0,1,"1,349","5,173",0,0,0,0,0,47,0,0,0,0,"6,569"
10.9,Prepared animal feeds             ,249,0,11,0,0,0,0,11,2,1,1,2,0,1,46,0,0,0,0,0,0,0,0,0,0,0,0,0,0,0,0,0,0,0,0,0,0,0,0,0,0,0,0,0,0,0,0,0,0,0,0,0,0,0,0,0,0,0,10,3,0,0,0,0,0,0,1,3,0,0,0,1,0,0,0,0,3,0,0,0,0,0,0,0,1,0,0,4,0,0,0,1,0,0,0,0,4,3,1,0,5,0,0,0,0,0,0,0,1,0,0,0,0,0,0,0,0,0,0,0,0,0,0,0,2,2,0,0,0,369,518,0,0,0,0,0,7,0,0,0,0,894
11.01-6 and 12,Alcoholic beverages & Tobacco products        ,3,0,0,0,0,0,0,0,2,1,1,8,1,10,35,242,0,0,0,0,0,0,1,0,0,0,0,0,1,0,0,0,0,0,1,0,0,0,0,0,0,0,0,0,0,0,0,0,0,0,0,0,0,0,0,0,19,1,171,115,2,1,9,8,27,6,"1,781","4,677",0,17,7,2,1,34,3,4,2,0,0,5,4,11,0,6,17,5,0,3,19,4,2,5,25,0,1,0,35,5,4,18,11,6,0,3,0,0,0,3,0,0,0,0,0,0,0,0,0,0,0,0,0,0,0,0,9,1,2,0,71,"7,468","3,248",0,0,0,0,0,-44,0,0,0,0,"10,672"
11.07,Soft drinks              ,4,0,0,0,0,0,0,0,0,0,0,0,0,0,0,0,4,0,0,0,0,0,0,0,0,0,0,0,0,0,0,0,0,0,0,0,0,0,0,0,0,0,0,0,0,0,0,0,0,0,0,0,0,0,0,0,2,0,8,11,1,1,0,2,7,5,22,84,0,15,3,1,1,10,1,1,1,0,0,2,1,3,0,2,5,2,0,0,5,1,0,2,4,0,4,0,4,3,3,7,12,1,0,0,0,0,0,1,4,1,2,0,8,0,0,0,0,0,0,0,0,0,4,0,1,1,1,0,5,271,917,0,0,0,0,0,3,0,0,0,0,"1,191"
13,Textiles               ,28,0,6,0,0,0,0,0,0,0,0,0,0,0,0,0,0,"1,002",352,24,1,33,2,0,0,12,0,0,13,13,0,79,0,7,1,0,3,1,2,0,2,105,0,7,0,51,38,0,1,8,0,0,0,0,0,0,116,50,230,134,1,17,1,3,10,5,10,39,2,4,3,17,0,31,4,0,23,2,1,5,0,5,5,13,4,5,0,11,6,0,0,11,9,0,9,0,16,3,2,4,1,0,0,40,0,0,0,0,0,6,4,51,0,0,0,4,0,0,0,0,1,1,7,0,4,1,1,0,2,"2,727","2,835",0,0,0,0,0,-307,0,0,0,0,"5,255"
14,Wearing apparel              ,0,2,0,0,25,0,3,0,0,0,0,0,5,1,0,0,0,2,125,1,0,0,0,0,0,0,0,0,0,0,0,0,0,0,0,0,0,0,0,0,0,0,0,0,0,0,5,0,0,0,0,0,0,0,0,0,73,13,26,22,1,3,0,10,2,6,21,33,0,7,10,18,1,22,13,9,4,1,0,3,4,9,7,13,3,6,0,10,22,1,5,29,6,5,14,0,52,3,1,5,2,2,0,19,0,9,0,0,0,340,47,186,26,0,0,3,0,0,0,0,0,3,15,0,11,1,1,0,2,"1,326","19,747",0,0,0,165,0,-80,0,0,0,0,"21,158"
15,Leather and related products            ,0,0,2,0,0,0,0,0,0,0,0,0,0,0,0,0,0,1,4,104,0,0,1,0,0,0,0,0,0,0,0,2,0,0,0,0,1,1,1,0,2,69,1,73,0,112,2,0,2,1,0,0,0,3,0,0,42,528,125,162,7,17,0,5,6,16,43,131,0,30,20,18,2,14,8,8,4,0,0,1,1,9,8,29,10,10,1,5,26,1,2,18,22,2,39,3,99,5,5,14,6,3,0,38,0,0,0,0,0,181,0,0,0,0,0,0,0,0,0,1,1,3,34,3,20,1,0,1,12,"2,182","5,502",0,0,0,0,0,-38,0,0,0,0,"7,646"
16,"Wood and of products of wood and cork, except furniture; articles of straw and plaiting materials",6,2,0,3,2,2,0,5,0,0,6,1,2,3,2,13,3,9,0,0,"1,121",26,1,1,1,7,0,3,1,1,1,17,0,14,2,5,68,1,7,6,9,51,29,4,0,162,25,2,0,4,2,0,0,0,1,0,"1,436",11,79,64,1,7,1,0,6,1,8,30,2,4,4,12,0,7,1,2,6,7,1,3,2,12,11,8,7,5,0,12,7,0,2,54,12,0,7,1,6,2,1,4,1,0,0,3,0,0,0,0,0,3,21,0,0,0,0,0,0,0,0,0,0,7,6,0,1,1,1,0,2,"3,524",230,0,0,0,0,0,9,0,0,0,0,"3,763"
17,Paper and paper products            ,32,0,0,0,1,4,0,34,40,10,19,49,40,79,11,75,8,57,12,7,51,"2,804",307,2,2,9,2,5,52,18,36,203,18,35,3,3,19,1,12,11,72,12,0,19,2,11,74,0,1,16,4,1,1,2,1,0,63,11,579,103,0,17,0,2,53,5,5,45,76,4,3,80,0,279,15,15,22,2,8,6,3,43,14,24,60,10,1,12,15,0,1,11,41,1,11,0,10,4,2,2,0,0,3,40,0,2,0,4,0,57,7,47,5,0,1,2,0,0,0,0,1,1,8,0,3,2,0,0,2,"6,130",667,0,0,0,0,0,-107,0,0,0,0,"6,690"
18,Printing and recording services            ,0,0,0,0,0,0,0,0,0,0,0,0,0,0,0,0,0,0,0,0,0,3,8,0,0,1,0,0,0,0,0,1,0,0,0,0,0,0,0,0,2,0,0,0,0,0,1,0,0,0,0,0,0,0,0,0,0,0,1,1,0,0,0,0,0,0,0,0,1,0,0,0,0,0,0,0,0,0,0,0,0,0,0,0,0,0,0,0,0,0,0,0,0,0,0,0,0,0,0,0,0,0,0,0,0,0,0,0,0,0,0,0,0,0,0,0,0,0,0,0,0,0,0,0,0,0,0,0,0,19,0,0,0,0,0,0,0,0,0,0,0,19
19,Coke and refined petroleum products           ,557,10,67,26,52,35,23,33,15,7,32,9,46,29,19,16,9,3,18,2,29,27,14,"1,545",41,108,17,6,13,51,12,146,32,53,291,19,58,3,22,19,78,37,6,27,9,31,16,2,5,23,132,69,21,32,2,2,363,154,"1,170",657,84,"1,704",89,"1,324",45,92,109,311,5,25,115,120,13,191,44,115,42,2,2,21,21,34,79,114,32,32,1,91,73,26,5,13,94,2,24,2,73,8,12,22,8,1,7,24,0,8,0,11,2,215,57,42,14,0,2,6,0,0,0,5,2,1,19,1,24,3,1,1,29,"12,045","6,035",0,0,0,0,0,-20,363,437,0,0,"18,860"
20A,"Industrial gases, inorganics and fertilisers (all inorganic chemicals) - 20.11/13/15      ",144,1,1,0,5,4,6,1,1,0,0,1,2,4,0,5,1,4,0,1,1,18,0,81,209,"1,117",35,54,24,70,63,76,22,13,11,12,50,1,12,5,10,4,0,2,0,0,3,0,1,5,10,3,21,1,1,0,43,1,107,4,0,10,1,1,3,0,0,36,0,10,1,9,1,2,2,0,3,0,0,1,2,1,3,18,2,3,0,4,3,0,2,5,8,0,3,1,2,2,1,1,2,0,0,1,0,0,0,0,0,5,0,62,0,0,0,0,0,0,0,1,0,0,3,1,1,1,1,0,0,"2,490",0,0,0,0,0,0,28,0,0,0,0,"2,518"
20B,Petrochemicals - 20.14/16/17/60             ,13,1,0,2,0,10,0,0,2,2,0,19,10,18,0,9,7,292,2,24,46,253,11,221,415,"2,510",81,320,140,438,172,"2,287",253,103,69,54,75,8,40,299,88,576,38,39,1,70,72,4,5,36,6,1,13,15,4,1,168,43,388,23,0,42,0,2,10,1,26,150,3,2,2,46,2,0,0,0,12,0,0,5,8,1,18,126,5,10,0,8,18,1,3,8,32,0,12,2,0,0,0,3,0,0,1,4,0,3,0,0,0,12,4,0,0,0,0,0,0,0,0,2,0,1,9,1,0,0,0,0,0,"10,394",0,0,0,0,0,0,141,0,0,0,0,"10,535"
20C,"Dyestuffs, agro-chemicals - 20.12/20            ",264,1,0,0,0,0,0,1,1,0,0,1,0,0,0,0,3,31,0,3,0,13,1,6,36,54,203,87,8,24,9,40,4,14,19,20,11,1,5,3,9,4,0,6,0,0,3,0,0,3,0,1,3,3,2,0,25,1,81,22,0,4,0,0,5,0,0,7,0,2,2,8,0,1,4,0,5,0,0,0,0,0,2,14,1,1,1,5,7,0,1,4,5,0,8,20,5,1,0,3,1,0,1,6,0,0,0,0,1,14,1,0,0,0,0,0,0,0,0,0,1,1,6,15,1,1,0,0,0,"1,197",0,0,0,0,0,0,-7,0,0,0,0,"1,190"
20.3,"Paints, varnishes and similar coatings, printing ink and mastics       ",3,0,0,0,0,0,0,0,0,0,0,0,0,0,0,0,0,2,0,0,9,42,69,0,0,0,0,205,5,8,0,25,19,13,2,2,56,2,10,6,20,61,7,4,16,4,9,2,1,11,0,0,0,1,0,0,136,8,97,12,2,3,0,0,1,0,1,9,25,3,1,24,0,10,1,1,4,1,0,0,1,2,2,12,19,1,0,2,4,0,0,0,6,0,3,0,9,1,0,1,1,0,0,7,0,1,0,0,0,10,8,0,0,0,0,1,0,0,0,0,0,0,2,0,3,0,1,0,4,"1,052",0,0,0,0,0,0,-9,0,0,0,0,"1,043"
20.4,"Soap and detergents, cleaning and polishing preparations, perfumes and toilet preparations     ",3,0,0,0,0,0,0,1,0,0,1,0,3,2,0,1,0,0,0,0,0,0,0,0,2,3,2,0,79,2,7,0,0,0,0,0,0,0,0,0,0,0,0,0,0,0,0,0,0,0,0,0,0,4,1,0,13,6,45,17,1,3,1,1,3,1,4,12,0,2,1,3,0,9,0,1,2,0,0,0,0,2,1,6,2,0,0,0,4,0,2,23,15,0,6,0,16,0,0,1,1,0,0,25,0,4,0,0,0,9,13,4,5,0,0,2,0,0,0,0,1,3,5,0,5,0,0,0,1,392,"4,417",0,0,0,0,0,67,0,0,0,0,"4,876"
20.5,Other chemical products             ,22,3,0,8,0,7,0,43,13,4,15,15,11,102,81,7,0,3,1,10,48,135,142,87,13,147,6,15,89,691,8,58,1,50,6,5,12,56,83,0,13,22,0,0,2,18,34,0,0,17,0,0,0,36,7,3,259,71,257,192,3,31,0,2,28,4,3,38,16,70,11,21,5,7,7,2,14,0,0,4,3,2,7,44,29,33,8,5,40,1,10,147,36,0,46,8,85,31,9,61,5,0,0,71,0,0,0,4,0,12,4,254,0,0,0,0,0,0,0,1,11,19,32,6,23,14,5,1,12,"4,274",698,0,0,0,0,0,-3,0,0,30,1,"5,000"
21,Basic pharmaceutical products and pharmaceutical preparations          ,226,0,0,0,0,0,0,2,20,9,6,38,1,10,466,0,0,3,1,2,1,0,0,31,2,1,6,0,128,3,"3,992",7,0,0,0,0,1,0,0,0,0,0,0,0,0,0,2,0,0,6,0,0,0,6,15,0,11,19,248,122,1,12,0,0,0,7,15,73,0,5,1,28,2,0,0,0,6,0,0,1,1,1,3,219,1,11,29,7,4,0,0,0,103,2,48,57,67,1,2,6,0,0,0,8,0,0,0,0,0,111,5,"7,271",0,0,0,0,0,0,0,2,40,0,40,42,11,1,0,0,11,"13,644","3,565",0,"4,859",0,0,0,-37,"1,278","1,722",0,0,"25,031"
22,Rubber and plastic products            ,59,0,11,1,2,7,0,115,51,10,94,14,72,166,21,6,53,47,4,10,38,162,90,6,7,30,1,23,165,60,93,"1,717",28,24,23,12,137,8,56,52,233,779,32,36,12,42,51,6,3,59,3,1,2,4,1,0,991,747,589,249,7,146,15,5,43,8,2,59,6,5,145,90,2,161,5,6,35,1,2,9,3,19,30,85,23,9,1,28,21,5,3,55,38,0,6,0,7,3,4,4,1,0,5,45,0,1,0,4,0,21,11,44,6,0,0,3,0,0,0,0,1,7,5,0,3,1,1,0,3,"8,571","2,118",0,0,0,0,0,-39,0,0,0,0,"10,650"
23OTHER,"Glass, refractory, clay, other porcelain and ceramic, stone and abrasive products - 23.1-4/7-9   ",10,0,0,1,1,34,0,1,11,0,5,1,1,23,0,83,12,0,0,0,23,4,1,2,5,23,0,5,23,7,25,115,570,66,37,30,47,3,41,27,17,280,13,4,1,2,4,1,1,14,1,0,0,1,7,0,998,74,277,72,9,13,0,6,15,2,5,21,0,2,7,11,0,0,0,0,3,0,0,1,1,0,5,25,1,4,0,2,3,0,1,24,6,0,0,0,5,1,1,2,1,0,1,8,0,0,0,3,0,15,24,5,0,0,0,0,0,0,0,0,0,3,0,0,1,1,1,0,1,"3,249",666,0,0,0,12,0,-52,0,0,0,0,"3,875"
23.5-6,"Cement, lime, plaster and articles of concrete, cement and plaster ",1,0,0,0,0,50,0,0,0,0,0,0,0,1,0,0,0,0,0,0,0,0,0,0,1,0,0,1,0,2,0,0,11,223,0,0,4,0,0,0,2,0,0,0,0,0,0,0,0,1,0,0,0,0,0,0,193,0,61,7,1,6,0,0,2,0,0,3,0,0,0,1,0,0,0,0,0,0,0,0,0,0,1,1,0,1,0,1,0,0,0,3,4,0,0,0,0,1,0,0,0,0,0,3,0,0,0,0,0,2,3,2,0,0,0,1,0,0,0,0,0,0,0,0,0,0,0,0,0,595,0,0,0,0,0,0,-29,0,0,0,0,566
24.1-3,Basic iron and steel            ,2,0,0,1,56,2,11,0,0,0,0,1,0,1,0,0,0,5,0,2,6,1,2,7,1,1,0,1,0,3,4,48,3,23,"1,311",58,"1,396",11,70,66,557,503,31,26,56,83,33,12,8,138,4,2,3,0,3,0,181,37,66,1,4,25,0,0,1,0,0,69,1,0,2,19,0,0,4,1,7,0,0,1,1,0,20,60,0,3,0,7,2,0,0,0,5,0,0,0,0,0,0,0,0,0,0,0,0,0,0,0,0,0,0,0,0,0,0,0,0,0,0,0,0,0,0,0,0,0,0,0,0,"5,070",0,0,0,0,0,0,-18,0,0,0,0,"5,052"
24.4-5,Other basic metals and casting           ,94,0,0,0,11,1,2,1,12,0,0,1,1,17,0,4,0,6,0,2,7,10,6,5,8,56,8,3,8,66,38,76,73,37,110,"3,046","1,468",45,241,726,"1,035","1,116",38,399,16,61,175,10,59,267,330,60,4,3,3,0,783,77,315,89,4,39,2,7,4,12,0,57,3,0,58,67,2,1,13,0,18,0,0,4,4,1,62,175,3,7,0,15,8,0,1,14,13,0,2,0,0,0,1,1,0,0,3,1,0,0,0,0,0,0,0,0,0,0,0,0,0,0,0,0,0,1,1,0,0,0,0,0,0,"11,636",2,0,0,0,0,-877,103,361,"1,137",0,0,"12,362"
25OTHER,"Fabricated metal products, excl. machinery and equipment and weapons & ammunition - 25.1-3/25.5-9   ",17,0,3,3,47,5,90,12,11,0,3,1,6,14,12,42,19,24,4,6,51,24,10,14,5,9,2,10,20,8,17,267,33,48,58,41,"1,352",21,99,135,558,841,35,309,93,19,30,5,24,139,25,7,1,1,4,0,"1,124",110,295,125,4,44,4,9,28,1,1,40,2,1,12,48,0,31,2,2,28,0,0,2,2,2,57,105,13,7,0,18,6,0,4,12,15,0,3,0,6,1,2,1,1,0,5,1,0,0,0,3,0,5,6,4,0,0,0,2,0,0,0,0,0,2,2,0,2,1,0,0,0,"6,833",695,0,0,0,"1,671",0,-112,0,0,0,0,"9,087"
25.4,Weapons and ammunition             ,0,0,0,0,0,0,0,0,0,0,0,0,0,0,0,0,0,0,0,0,0,0,0,0,0,0,0,0,0,2,0,1,0,0,0,0,1,319,0,0,2,0,0,0,1,0,0,0,0,34,0,0,0,0,0,0,0,0,1,0,0,0,0,0,0,0,0,13,0,0,0,7,0,0,0,0,1,0,0,0,0,0,0,53,0,0,0,0,0,0,0,0,0,1,0,0,0,0,0,0,0,0,0,0,0,0,0,0,0,71,0,0,0,0,0,0,0,0,0,0,0,0,0,0,0,0,0,0,0,506,33,0,0,0,0,0,0,0,0,0,0,539
26,"Computer, electronic and optical products           ",17,8,12,11,6,17,5,13,2,1,6,5,11,13,3,8,5,13,10,3,18,28,12,5,13,69,12,5,8,72,49,46,12,15,75,74,143,140,"2,805",549,450,734,98,240,15,16,355,22,29,557,125,54,13,15,35,1,890,176,388,119,6,115,5,26,67,23,24,119,11,75,"3,200",579,35,94,49,35,89,15,2,10,5,24,111,402,22,82,17,78,58,21,14,19,46,62,49,24,50,20,10,24,8,0,101,21,0,34,0,6,7,"4,362",499,"3,748",175,0,13,36,0,0,0,1,25,2,37,18,12,9,6,1,13,"23,500","3,937",0,0,0,"8,161",0,76,"3,482","4,718",0,0,"43,874"
27,Electrical equipment              ,14,0,0,0,24,0,6,0,0,0,1,0,1,1,0,4,1,3,1,1,4,2,2,1,0,2,0,1,2,6,6,22,7,1,7,7,55,32,468,806,429,874,23,51,15,6,63,5,6,193,302,61,2,0,6,0,732,134,289,138,3,114,3,22,29,14,1,37,1,18,190,157,3,69,6,5,25,3,1,6,2,10,45,111,20,16,0,84,15,1,11,4,16,1,7,1,6,5,3,2,1,0,37,29,0,0,0,3,0,118,18,5,9,0,2,9,0,0,0,1,0,1,5,1,2,2,1,0,2,"6,128","4,065",0,0,0,"3,865",0,-154,"1,731","2,069",0,0,"17,704"
28,Machinery and equipment n.e.c.            ,26,1,4,21,82,30,14,85,24,6,26,20,46,69,12,25,16,26,7,4,40,100,94,41,18,30,8,14,13,19,35,134,50,44,205,84,125,31,186,206,"2,016","1,400",151,281,17,33,37,23,46,385,139,44,73,5,50,0,948,505,447,75,15,73,3,9,21,6,3,81,13,23,34,116,2,43,8,5,53,0,3,9,3,10,56,175,36,21,0,81,25,0,14,8,18,1,4,3,14,0,3,1,14,0,14,2,0,0,0,3,0,105,0,0,0,0,0,0,0,0,0,0,0,1,3,2,4,0,0,1,1,"9,838",316,0,0,0,"12,662",0,-175,"1,591","3,109",0,0,"27,341"
29,"Motor vehicles, trailers and semi-trailers           ",10,1,0,1,0,7,0,6,1,0,3,1,3,1,1,7,1,13,1,2,14,2,1,1,1,10,2,1,0,3,2,90,19,11,17,22,107,37,72,37,651,"7,937",2,0,42,42,32,2,2,154,10,3,2,2,0,0,89,"1,823",176,81,1,251,1,8,44,46,2,73,1,8,20,118,2,116,22,12,28,2,1,15,6,19,132,373,42,21,0,234,33,9,88,7,57,0,14,7,27,0,2,1,14,0,11,22,0,8,0,5,0,80,2,17,36,0,1,8,0,0,0,1,0,1,12,4,9,0,0,1,2,"13,634","31,333",0,0,0,"7,654",0,-102,0,0,0,0,"52,519"
30.1,Ships and boats             ,0,0,0,0,0,0,0,0,0,0,0,0,0,0,0,0,0,0,0,0,0,0,0,0,0,0,0,0,0,0,0,0,0,0,0,0,0,0,0,0,0,0,0,0,0,0,0,0,0,0,0,0,0,0,0,0,0,0,0,0,0,0,0,0,0,0,0,0,0,0,0,0,0,0,0,0,0,0,0,0,0,0,0,0,0,0,0,0,0,0,0,0,0,0,0,0,0,0,0,0,0,0,0,0,0,0,0,0,0,0,0,0,0,0,0,0,0,0,0,0,0,0,0,0,0,0,0,0,0,0,485,0,0,0,"1,240",0,-26,0,0,0,0,"1,699"
30.3,Air and spacecraft and related machinery          ,2,0,0,0,23,0,9,0,0,0,0,0,0,0,0,0,0,0,0,0,0,0,1,0,0,1,0,0,0,0,0,0,0,0,0,8,14,23,12,5,50,11,6,"2,764",5,17,2,5,122,15,0,0,0,0,0,0,18,9,81,4,0,12,0,405,15,1,1,15,0,3,8,32,1,2,18,1,9,0,0,3,0,1,210,270,3,5,0,7,3,1,0,0,3,8,3,0,2,0,0,2,3,0,0,1,0,0,0,0,0,549,0,0,0,0,0,0,0,0,0,0,0,0,3,0,0,0,0,0,1,"4,806",62,0,0,0,"5,552",0,-58,"2,864","6,256",0,0,"19,482"
30OTHER,Other transport equipment - 30.2/4/9           ,0,0,0,0,0,0,0,0,0,0,0,0,0,0,0,0,0,0,0,0,0,0,0,0,0,0,0,0,0,0,0,0,0,0,0,0,1,2,2,0,0,0,0,0,28,0,0,0,0,10,0,0,0,0,0,0,0,1,2,1,4,0,0,0,1,0,0,0,0,0,0,2,0,2,0,0,0,0,0,0,0,0,0,1,0,0,0,0,0,0,0,0,1,0,0,0,0,0,0,0,0,0,0,0,0,0,0,0,0,0,0,25,0,0,0,0,0,0,0,0,0,0,0,0,0,0,0,0,0,82,"1,716",0,0,0,198,0,-4,0,0,0,0,"1,992"
31,Furniture               ,0,1,0,0,0,0,0,0,0,0,0,0,1,1,0,0,0,1,0,0,1,0,0,0,1,0,0,0,0,1,1,2,1,1,0,0,0,0,1,0,2,39,0,1,1,72,1,0,0,1,5,1,0,0,0,0,24,5,13,20,0,1,0,0,1,1,1,7,0,2,2,2,0,4,2,1,4,0,0,4,0,1,2,5,0,1,0,1,7,0,0,2,6,1,7,0,10,1,0,1,1,0,0,1,0,0,0,0,0,90,48,23,12,0,0,5,0,0,0,0,0,0,5,0,4,0,1,0,0,465,"3,420",0,0,0,913,478,109,0,0,0,0,"5,385"
32,Other manufactured goods             ,79,6,5,6,3,9,0,3,11,2,9,16,16,38,7,22,8,13,55,9,27,86,612,18,11,86,7,14,13,35,16,88,49,10,2,2,22,10,132,57,616,302,58,73,13,21,205,8,9,241,87,35,16,83,0,2,401,136,394,146,14,96,8,23,68,29,35,115,103,24,211,173,10,201,80,93,33,4,8,73,13,56,93,77,135,22,32,28,27,5,8,26,8,0,70,0,142,4,5,25,8,0,3,35,0,0,0,8,0,37,18,0,0,0,0,0,0,0,0,0,45,3,58,1,43,2,3,1,4,"6,906","6,668",0,0,0,816,182,20,199,301,375,345,"15,812"
33.15,Repair and maintenance of ships and boats         ,0,0,1,0,3,0,1,0,0,0,0,0,0,0,0,0,0,0,0,0,0,0,0,0,0,0,0,0,0,0,0,0,0,0,0,0,0,0,0,0,0,0,1,0,0,0,0,0,0,0,0,0,0,0,0,0,0,0,0,0,0,0,43,0,1,0,0,0,0,0,0,0,0,0,0,0,0,0,0,0,0,0,0,0,0,0,0,0,0,0,0,0,0,0,0,0,0,0,0,0,0,0,0,0,0,0,0,0,0,0,0,0,0,0,0,0,0,0,0,0,0,0,0,0,0,0,0,0,0,53,0,0,0,0,0,0,0,0,0,0,0,53
33.16,Repair and maintenance of aircraft and spacecraft         ,1,0,0,0,12,0,2,0,0,0,0,0,0,0,0,0,0,0,0,0,0,0,0,0,0,0,0,0,0,0,0,0,0,0,0,1,1,2,1,0,8,0,0,304,0,1,0,1,168,2,0,0,0,0,0,0,2,1,15,0,0,2,0,65,7,0,1,2,0,0,3,7,0,0,0,0,1,0,0,0,0,0,24,23,0,2,0,1,0,0,0,0,0,0,0,0,0,0,0,1,1,0,0,0,0,0,0,1,0,0,0,0,0,0,0,0,0,0,0,0,0,0,0,0,0,0,0,0,0,664,0,0,0,0,0,0,0,0,0,0,0,664
33OTHER,Rest of repair; Installation - 33.11-14/17/19/20          ,0,0,0,0,0,0,0,0,0,0,0,0,0,0,0,0,0,0,0,0,0,0,0,0,0,0,0,0,0,0,0,1,0,0,0,0,1,1,49,0,124,124,0,0,3,0,0,0,0,89,0,0,0,0,0,0,2,8,5,0,0,1,0,0,0,0,0,3,0,0,0,3,0,0,0,0,0,0,0,0,0,0,1,10,0,0,0,0,0,0,0,0,0,0,0,0,0,0,0,0,0,0,0,0,0,0,0,0,0,0,0,0,0,0,0,0,0,0,0,0,0,0,0,0,0,0,0,0,0,431,0,0,0,0,0,0,0,0,0,0,0,431
35.1,"Electricity, transmission and distribution",0,0,0,0,0,0,0,0,0,0,0,0,0,0,0,0,0,0,0,0,0,0,0,0,0,0,0,0,0,0,0,5,0,0,0,0,0,0,0,0,0,0,0,0,0,0,0,0,0,0,536,100,0,0,0,0,10,0,0,252,0,6,0,0,0,0,0,24,0,0,0,2,0,0,0,0,0,0,0,2,2,0,6,1,0,2,0,2,5,0,0,0,3,0,0,0,0,0,4,2,0,0,0,0,0,0,0,0,0,0,0,0,0,0,0,0,0,0,0,0,0,0,0,0,0,0,0,0,0,963,17,0,0,0,0,0,0,0,0,0,0,980
35.2-3,Gas; distribution of gaseous fuels through mains; steam and air conditioning supply    ,0,0,0,0,0,0,0,0,0,0,0,0,0,0,0,0,0,0,0,0,0,0,0,0,0,0,0,0,0,0,0,0,0,0,0,0,0,0,0,0,0,0,0,0,0,0,0,0,0,0,0,0,0,0,0,0,0,0,0,0,0,0,0,0,0,0,0,0,0,0,0,0,0,0,0,0,0,0,0,0,0,0,0,0,0,0,0,0,0,0,0,0,0,0,0,0,0,0,0,0,0,0,0,0,0,0,0,0,0,0,0,0,0,0,0,0,0,0,0,0,0,0,0,0,0,0,0,0,0,0,37,0,0,0,0,0,0,0,0,0,0,37
36,Natural water; water treatment and supply services         ,0,0,0,0,0,0,0,0,0,0,0,0,0,0,0,0,0,0,0,0,0,0,0,0,0,0,0,0,0,0,0,0,0,0,0,0,0,0,0,0,0,0,0,0,0,0,0,0,0,0,0,0,12,0,0,0,0,0,0,0,0,0,0,0,0,0,0,0,0,0,0,0,0,0,0,0,0,0,0,0,0,0,0,0,0,0,0,0,0,0,0,0,0,0,0,0,0,0,0,0,0,0,0,0,0,0,0,0,0,0,0,0,0,0,0,0,0,0,0,0,0,0,0,0,0,0,0,0,0,13,0,0,0,0,0,0,0,0,0,0,0,13
37,Sewerage services; sewage sludge            ,0,0,0,0,0,0,0,0,0,0,0,0,0,0,0,0,0,0,0,0,0,0,0,0,0,0,0,0,0,0,0,0,0,0,0,0,0,0,0,0,0,0,0,0,0,0,0,0,0,0,0,0,0,0,0,0,0,0,0,0,0,0,0,0,0,0,0,0,0,0,0,0,0,0,0,0,0,0,0,0,0,0,0,0,0,0,0,0,0,0,0,0,0,0,0,0,0,0,0,0,0,0,0,0,0,0,0,0,0,0,0,0,0,0,0,0,0,0,0,0,0,0,0,0,0,0,0,0,0,0,0,0,0,0,0,0,0,0,0,0,0,0
38,"Waste collection, treatment and disposal services; materials recovery services       ",3,0,5,0,3,4,0,11,6,1,2,0,3,5,2,2,1,3,13,0,1,7,2,3,2,9,2,1,2,6,4,15,10,5,97,293,12,1,2,1,4,5,1,2,1,3,4,0,1,4,2,1,3,117,190,0,71,15,94,32,3,31,4,11,7,7,10,48,4,10,8,22,1,62,6,14,11,4,4,5,5,16,11,21,19,5,2,15,8,2,3,43,13,5,4,102,14,4,1,3,21,0,2,29,0,797,0,1,0,483,5,66,0,0,0,1,0,0,0,0,2,5,4,70,2,2,1,1,2,"3,151",61,0,0,0,0,0,0,0,0,0,0,"3,212"
39,Remediation services and other waste management services         ,0,0,0,0,0,0,0,0,0,0,0,0,0,0,0,0,0,0,0,0,0,0,0,0,0,0,0,0,0,0,0,0,0,0,0,0,0,0,0,0,0,0,0,0,0,0,0,0,0,0,0,0,0,0,0,0,0,0,0,0,0,0,0,0,0,0,0,0,0,0,0,0,0,0,0,0,0,0,0,0,0,0,0,0,0,0,0,0,0,0,0,0,0,0,0,0,0,0,0,0,0,0,0,0,0,0,0,0,0,0,0,0,0,0,0,0,0,0,0,0,0,0,0,0,0,0,0,0,0,0,0,0,0,0,0,0,0,0,0,0,0,0
41-43,Construction,8,0,0,0,8,0,2,0,0,0,0,0,0,0,0,0,0,0,0,0,13,0,1,2,0,1,0,0,0,0,0,11,0,0,0,0,44,0,4,0,1,0,0,1,0,0,1,0,0,6,2,2,2,0,2,0,904,3,37,64,0,2,2,2,6,1,1,11,1,0,7,3,0,13,13,0,104,108,0,2,1,2,46,3,1,6,0,2,2,1,0,0,0,0,2,1,0,0,2,0,0,0,0,4,0,1,0,0,0,32,2,4,2,0,1,1,0,0,0,0,0,0,1,0,0,0,0,0,0,"1,514",0,0,0,0,0,0,0,0,0,0,0,"1,514"
45,Wholesale and retail trade and repair services of motor vehicles and motorcycles    ,7,0,0,0,0,0,0,0,0,0,0,0,0,0,0,0,0,0,0,0,0,0,0,0,0,0,0,0,0,0,0,0,0,0,0,0,0,0,0,0,0,0,0,0,0,0,0,0,0,0,0,0,0,0,0,0,15,11,31,9,2,14,2,1,2,2,1,3,1,0,2,5,1,5,4,0,2,0,0,1,1,0,0,0,2,0,0,7,1,1,0,0,1,0,1,0,0,0,0,0,0,0,0,1,0,0,0,0,0,3,1,1,2,0,0,0,0,0,0,0,0,0,1,0,0,0,0,0,0,142,11,0,0,0,0,0,0,0,0,0,0,153
46,"Wholesale trade services, except of motor vehicles and motorcycles       ",0,0,0,0,0,0,0,0,0,0,0,0,0,0,0,0,0,0,0,0,0,0,0,0,0,0,0,0,0,0,0,0,0,0,0,0,0,0,0,0,0,0,0,0,0,0,0,0,0,0,0,0,0,0,0,0,0,0,0,0,0,0,0,0,0,0,0,0,0,0,0,0,0,0,0,0,0,0,0,0,0,0,0,0,0,0,0,0,0,0,0,0,0,0,0,0,0,0,0,0,0,0,0,0,0,0,0,0,0,0,0,0,0,0,0,0,0,0,0,0,0,0,0,0,0,0,0,0,0,0,0,0,0,0,0,0,0,0,0,60,140,200
47,"Retail trade services, except of motor vehicles and motorcycles       ",0,0,0,0,0,0,0,0,0,0,0,0,0,0,0,0,0,0,0,0,0,0,0,0,0,0,0,0,0,0,0,0,0,0,0,0,0,0,0,0,0,0,0,0,0,0,0,0,0,0,0,0,0,0,0,0,0,0,0,0,0,0,0,0,0,0,0,0,0,0,0,0,0,0,0,0,0,0,0,0,0,0,0,0,0,0,0,0,0,0,0,0,0,0,0,0,0,0,0,0,0,0,0,0,0,0,0,0,0,0,0,0,0,0,0,0,0,0,0,0,0,0,0,0,0,0,0,0,0,0,0,0,0,0,0,0,0,0,0,0,0,0
49.1-2,Rail transport services             ,1,1,1,0,34,1,2,0,0,0,0,1,0,0,0,1,0,0,0,0,0,0,0,0,0,1,0,0,0,1,0,1,1,2,0,0,2,0,0,0,1,2,0,1,1,0,1,0,0,0,0,0,0,0,2,0,1,2,7,2,3,1,0,0,7,0,1,2,1,2,1,1,0,4,13,2,1,0,0,0,0,0,1,2,1,0,0,2,0,5,0,0,0,0,1,0,1,0,0,0,2,0,0,1,0,0,0,1,0,330,56,120,0,0,5,14,0,0,0,0,0,0,3,0,1,0,0,0,0,653,101,0,0,0,0,0,0,0,0,5,8,767
49.3-5,"Land transport services and transport services via pipelines, excluding rail transport     ",62,1,0,6,0,39,0,33,22,1,17,10,9,26,4,30,4,53,68,1,30,82,9,31,13,93,8,6,28,29,46,106,21,8,27,61,47,2,5,55,5,100,1,43,4,16,43,0,2,6,5,1,0,0,17,0,19,19,146,20,1,15,0,1,6,4,1,14,10,0,2,8,0,7,4,4,4,0,0,2,2,2,8,16,6,1,0,6,3,2,0,6,4,0,1,1,0,0,0,0,0,0,9,2,0,2,7,1,0,10,12,14,6,0,0,0,0,0,0,0,0,1,1,0,0,0,0,0,0,"1,745",0,0,0,0,64,0,0,0,0,30,45,"1,884"
50,Water transport services             ,2,0,11,1,104,3,24,2,0,0,3,6,1,2,0,14,0,3,1,0,0,4,26,11,3,10,1,1,1,8,2,5,4,8,11,3,11,2,10,3,6,18,1,4,7,2,7,0,1,7,1,1,0,1,21,0,30,36,119,15,9,18,638,17,139,42,7,25,38,6,15,10,0,35,44,16,9,0,0,0,0,4,4,7,22,5,0,12,8,48,1,6,5,0,10,0,22,1,1,2,2,0,0,2,0,0,0,16,0,18,0,10,0,0,0,0,0,0,0,0,0,1,10,0,11,0,0,0,1,"1,873",4,0,0,0,103,0,0,0,0,570,879,"3,429"
51,Air transport services             ,9,0,0,1,37,14,9,2,1,0,5,6,3,30,0,19,0,3,4,0,0,6,8,34,5,17,6,1,3,16,9,12,15,25,38,3,21,4,22,10,21,57,0,75,29,4,10,0,3,19,3,2,0,0,79,0,153,172,445,123,27,94,63,674,468,662,45,150,53,62,70,176,16,"1,410",518,69,138,0,6,76,51,182,55,50,119,45,0,108,199,106,36,30,151,3,14,0,55,24,8,28,13,14,11,29,0,0,0,49,9,210,0,35,0,0,0,0,0,0,0,0,0,1,8,2,19,11,6,1,56,"8,110","1,495",0,0,0,0,0,0,0,0,"1,040","1,517","12,162"
52,Warehousing and support services for transportation          ,1,0,0,0,1,1,0,1,0,0,0,0,0,1,0,0,0,1,1,0,0,1,0,0,1,2,1,0,0,1,2,23,0,0,0,1,1,0,5,1,2,3,0,1,0,0,1,0,0,2,0,0,0,0,0,0,9,3,42,9,10,8,589,556,44,1,0,9,0,0,2,13,0,7,2,4,3,0,0,0,1,1,1,1,1,0,0,7,2,0,0,1,2,0,1,0,0,0,0,0,0,0,0,1,0,0,0,5,0,1,0,0,0,0,0,0,0,0,0,0,0,0,0,0,0,0,0,0,0,"1,391",8,0,0,0,0,0,0,0,0,0,0,"1,399"
53,Postal and courier services            ,1,0,0,0,1,0,0,0,0,0,0,1,0,9,0,4,1,0,0,0,0,1,1,1,0,3,0,0,4,0,11,24,0,4,0,1,1,0,0,0,1,1,0,1,0,0,0,0,0,0,1,0,0,0,3,0,16,12,95,27,0,7,32,51,5,460,5,21,1,4,16,34,1,184,80,79,15,0,0,20,9,9,11,5,11,3,0,13,13,0,1,5,9,0,4,1,7,1,1,1,1,0,0,4,0,0,0,1,0,88,1,13,1,0,0,0,0,0,0,0,0,0,5,0,1,0,0,0,1,"1,464",9,0,0,0,0,0,0,0,0,0,0,"1,473"
55,Accommodation services              ,18,0,0,0,0,2,5,6,18,0,4,0,0,0,4,5,3,3,2,0,6,4,2,41,2,20,2,3,3,3,4,17,5,6,15,13,1,2,10,5,19,32,0,17,0,2,3,0,1,6,37,23,4,0,6,0,294,44,163,"1,014",0,128,29,87,90,0,206,214,8,55,42,156,22,851,"1,767",167,234,0,0,96,41,138,165,49,100,81,3,24,153,137,12,81,67,10,54,7,"1,256",0,21,31,14,10,0,5,0,0,0,8,8,593,69,154,144,0,0,10,0,0,0,0,5,10,41,5,592,0,2,1,40,"10,193",495,0,0,0,0,0,0,0,0,0,0,"10,688"
56,Food and beverage serving services           ,20,0,1,1,41,0,2,84,2,2,7,15,22,43,6,3,2,3,3,1,5,7,2,12,3,19,1,2,5,5,9,15,4,5,15,5,2,11,242,6,14,27,2,12,1,4,7,0,1,32,40,22,6,0,34,0,139,38,152,992,30,24,16,102,74,8,34,236,11,32,65,67,6,260,219,5,78,0,1,26,23,28,35,34,26,11,1,10,10,9,3,13,60,1,22,0,517,18,19,7,3,7,9,6,0,0,0,5,3,520,318,379,12,0,0,0,0,0,0,0,2,2,3,0,408,5,2,0,33,"6,016",0,0,0,0,0,0,0,0,0,0,0,"6,016"
58,Publishing services              ,0,0,0,0,0,0,0,0,5,0,0,0,0,5,0,0,0,1,0,1,0,15,88,0,1,0,1,3,1,1,4,12,1,0,0,0,3,0,0,1,4,3,0,1,5,0,7,0,0,2,2,1,1,0,1,0,3,3,28,25,0,0,0,1,4,2,0,5,58,1,8,42,3,35,4,5,1,0,0,2,0,17,4,2,30,7,0,1,3,0,2,0,34,0,1,0,1,0,0,0,0,0,1,1,0,0,0,0,0,11,27,0,6,0,1,4,0,0,0,0,0,0,1,0,0,0,0,0,2,559,"1,851",0,0,0,0,0,-15,0,0,0,0,"2,395"
59-60,"Motion Picture, Video & TV Programme Production, Sound Recording & Music Publishing Activities & Programming And Broadcasting Activities",0,0,0,0,0,0,0,0,0,0,0,0,0,0,0,0,0,0,0,0,0,0,4,0,0,0,0,0,0,0,0,0,0,0,0,0,0,0,0,0,0,0,0,0,0,0,0,0,0,0,0,0,0,0,0,0,0,0,0,0,0,0,0,0,0,0,7,3,0,430,0,6,1,0,0,0,0,0,0,0,0,3,0,2,162,0,0,0,0,0,0,0,0,0,7,2,1,22,33,1,30,1,0,0,0,5,0,0,125,52,38,4,10,6,11,40,0,0,0,0,0,0,7,1,0,6,1,2,6,"1,029",404,0,0,0,0,0,-2,0,0,0,0,"1,431"
61,Telecommunications services              ,2,0,0,0,0,0,0,0,0,0,0,0,0,0,0,0,0,0,0,0,0,0,0,0,0,0,0,0,0,0,1,28,0,0,0,0,1,0,0,0,1,0,0,0,0,0,0,0,0,0,1,0,0,0,1,0,301,3,19,49,0,3,19,29,4,5,2,23,1,10,"3,916",73,0,25,10,13,3,3,0,3,2,6,4,53,12,4,0,25,22,1,1,6,18,0,0,1,0,0,1,1,1,0,0,1,0,0,0,0,0,18,1,6,2,0,0,0,0,0,0,0,0,0,0,0,0,0,0,0,0,"4,736",8,0,0,0,0,0,0,0,0,0,0,"4,744"
62,"Computer programming, consultancy and related services          ",0,0,0,0,4,0,0,0,0,0,0,0,3,1,0,0,0,7,1,0,0,1,13,1,12,6,0,0,0,2,5,48,0,0,3,0,75,3,73,1,5,26,0,3,11,0,16,0,0,44,4,2,1,0,1,0,63,19,476,0,3,4,7,8,3,4,4,11,47,5,96,917,133,31,16,19,22,0,0,0,20,158,33,31,28,46,0,4,130,3,20,21,111,0,10,3,2,1,0,0,7,0,97,240,0,0,0,1,0,23,1,4,2,0,0,3,0,0,0,0,0,3,3,2,0,0,0,1,1,"3,270",7,0,0,0,"1,011",0,5,0,0,0,0,"4,293"
63,Information services              ,0,0,0,0,0,0,0,0,0,0,0,0,0,0,0,0,0,2,0,0,0,0,3,0,0,0,0,0,0,0,2,10,0,2,0,0,0,1,14,0,2,19,0,0,2,0,2,0,0,7,0,0,0,0,0,0,11,5,75,4,0,2,2,6,4,2,2,7,10,5,16,296,18,92,12,99,7,0,0,1,3,46,7,13,17,14,0,2,37,0,3,8,36,0,4,0,0,11,0,0,3,0,12,31,0,0,0,0,0,0,0,0,0,0,0,0,0,0,0,0,0,2,2,0,0,4,0,0,0,996,0,0,0,0,0,0,0,0,0,0,0,996
64,"Financial services, except insurance and pension funding         ",69,1,1,1,52,13,11,8,13,2,8,7,16,36,4,23,5,8,8,2,15,16,6,29,6,26,4,6,9,16,64,37,17,16,7,8,44,3,14,16,22,64,2,30,5,9,15,0,4,13,66,34,9,2,34,0,222,57,157,160,6,53,10,16,59,23,34,102,9,19,44,209,9,"5,086",81,67,456,"2,231",147,33,23,57,54,53,41,32,1,83,62,29,7,16,39,0,1,28,11,9,4,17,6,1,4,33,0,0,0,7,0,243,0,3,0,0,0,1,0,1,0,0,1,2,1,16,2,3,1,0,6,"11,144",0,0,0,0,0,0,0,0,0,0,0,"11,144"
65,"Insurance, reinsurance and pension funding services, except compulsory social security",36,0,2,0,15,0,2,12,0,0,0,0,5,2,2,2,2,2,0,0,2,2,2,0,0,2,0,3,0,0,2,3,10,3,0,0,3,0,1,2,2,3,4,2,0,9,0,1,0,1,4,3,2,3,8,0,17,5,35,9,0,6,2,8,5,3,3,7,6,4,3,28,15,15,"2,440",2,266,51,0,2,2,10,13,5,5,4,0,8,7,2,2,5,9,0,2,8,2,0,0,1,2,0,0,2,0,2,0,0,0,41,10,24,6,0,0,2,0,0,0,0,0,2,2,5,0,0,0,0,0,"3,272",10,0,0,0,0,0,0,0,0,0,0,"3,282"
66,Services auxiliary to financial services and insurance services        ,0,0,0,0,0,2,0,0,0,0,0,2,0,0,0,2,0,0,0,0,0,2,2,3,3,8,0,0,2,2,2,14,2,5,3,0,17,0,3,2,2,32,0,1,1,0,2,0,0,2,0,0,0,0,15,0,55,10,169,36,2,9,23,18,7,3,10,36,4,4,21,105,10,972,375,544,65,0,2,15,22,78,66,19,12,37,0,24,70,2,15,19,93,0,4,0,0,0,1,2,2,0,3,8,0,0,0,1,0,8,0,0,0,0,0,0,0,0,0,0,0,2,2,0,0,0,0,0,0,"3,116",8,0,0,0,0,0,0,0,0,0,0,"3,124"
68.1-2,"Real estate services, excluding on a fee or contract basis and imputed rent   ",3,0,0,0,0,0,0,1,0,0,0,0,1,2,0,0,0,0,0,0,1,1,2,0,0,0,0,0,0,0,1,2,0,0,0,0,3,0,1,1,2,1,0,1,0,1,0,0,0,1,2,3,2,0,7,0,58,7,114,240,1,12,7,11,9,6,6,36,2,2,18,12,1,89,63,1,29,6,1,6,2,2,3,8,4,1,0,3,5,8,0,5,2,0,2,1,0,1,4,3,1,0,1,7,0,1,0,1,0,156,15,65,10,0,1,3,0,0,0,0,0,0,2,1,0,0,0,0,0,"1,092",3,0,0,0,0,0,0,0,0,0,0,"1,095"
68.2IMP,Owner-Occupiers' Housing Services,0,0,0,0,0,0,0,0,0,0,0,0,0,0,0,0,0,0,0,0,0,0,0,0,0,0,0,0,0,0,0,0,0,0,0,0,0,0,0,0,0,0,0,0,0,0,0,0,0,0,0,0,0,0,0,0,0,0,0,0,0,0,0,0,0,0,0,0,0,0,0,0,0,0,0,0,0,0,0,0,0,0,0,0,0,0,0,0,0,0,0,0,0,0,0,0,0,0,0,0,0,0,0,0,0,0,0,0,0,0,0,0,0,0,0,0,0,0,0,0,0,0,0,0,0,0,0,0,0,0,"3,082",0,0,0,0,0,0,0,0,0,0,"3,082"
68.3,Real estate services on a fee or contract basis       ,0,0,0,0,0,0,0,0,0,0,0,0,0,0,0,0,0,0,0,0,0,0,0,0,0,0,0,0,0,0,0,0,0,0,0,0,0,0,0,0,0,0,0,0,0,0,0,0,0,0,0,0,0,0,0,0,0,0,0,0,0,0,0,0,0,0,0,0,0,0,0,0,0,3,18,0,2,2,0,0,0,0,0,0,0,0,0,0,0,0,0,1,0,0,0,0,0,0,0,0,0,0,0,0,0,0,0,0,0,0,1,0,0,0,0,0,0,0,0,0,0,0,0,0,0,0,0,0,0,27,2,0,0,0,0,0,0,0,0,0,0,29
69.1,Legal services              ,0,0,0,0,15,0,3,0,0,0,0,0,0,2,0,1,0,0,1,0,0,3,1,0,2,2,2,0,0,1,3,2,0,2,0,0,11,0,5,3,1,3,0,1,0,3,2,0,0,2,2,0,1,0,2,0,23,4,26,8,1,5,4,3,5,2,2,6,1,3,3,27,4,51,22,6,8,14,2,98,10,19,19,5,17,6,0,17,10,1,3,4,16,0,2,1,3,1,0,1,3,0,3,84,0,0,0,1,0,81,0,43,0,0,0,0,0,0,1,0,0,1,2,1,1,0,0,0,1,760,3,0,0,0,0,0,0,0,0,0,0,763
69.2,"Accounting, bookkeeping and auditing services; tax consulting services        ",1,0,0,0,1,0,0,0,0,0,0,0,0,0,0,0,0,0,0,0,0,0,3,0,0,0,0,0,0,0,3,5,0,0,0,0,0,0,1,0,1,10,0,2,0,0,0,0,0,2,2,0,0,0,0,0,18,4,43,10,0,4,1,1,5,1,2,6,3,2,2,26,3,37,12,2,6,0,0,9,146,60,26,2,3,7,0,3,7,1,1,2,9,0,1,0,0,0,0,0,0,0,0,15,0,0,0,0,0,7,0,10,0,0,0,0,0,0,0,0,0,0,0,0,0,0,0,0,0,528,13,0,0,0,0,0,0,0,0,0,0,541
70,Services of head offices; management consulting services         ,0,0,0,0,0,0,0,0,0,0,0,0,0,0,0,5,1,2,1,1,0,2,1,0,0,1,0,0,2,0,2,1,0,0,0,0,0,0,0,2,2,42,0,0,0,1,1,0,0,1,1,0,0,0,0,0,18,9,43,55,1,2,1,2,5,2,3,12,9,5,6,90,8,120,13,3,9,0,0,3,2,87,11,5,34,20,0,3,56,1,8,10,53,0,2,0,0,1,1,0,3,0,8,2,0,1,0,1,0,22,1,0,0,0,1,2,0,0,0,0,0,2,1,0,0,0,0,0,0,825,0,0,0,0,0,0,0,0,0,0,0,825
71,Architectural and engineering services; technical testing and analysis services       ,2,0,0,0,7,2,2,2,5,0,1,1,2,20,0,3,0,2,2,0,2,3,7,1,1,3,0,1,2,1,6,9,1,5,2,1,43,2,41,10,9,6,0,19,1,2,4,0,2,24,10,3,2,0,2,0,214,20,64,27,2,10,5,1,20,6,7,20,11,9,11,113,13,75,26,3,28,26,4,11,9,64,168,29,28,38,1,24,61,4,9,20,68,0,4,1,2,2,1,1,5,1,9,69,0,6,0,2,3,41,4,65,0,0,0,2,0,0,0,1,1,3,4,0,0,1,1,0,2,"1,756",0,0,0,0,0,0,0,0,0,0,0,"1,756"
72,Scientific research and development services           ,0,0,0,0,0,0,0,0,0,0,0,0,0,0,0,0,0,0,0,0,0,0,0,0,0,0,0,0,0,0,0,0,0,0,0,0,0,0,0,0,0,0,0,0,0,0,0,0,0,0,0,0,0,0,0,0,0,0,0,0,0,0,0,0,0,0,0,0,0,0,0,0,0,0,0,0,0,0,0,0,0,4,5,283,0,4,0,2,4,0,0,0,38,0,1,0,0,0,0,0,0,0,0,0,0,0,0,0,0,0,0,0,0,0,0,0,0,0,0,11,0,0,0,0,0,0,0,0,0,352,0,0,0,0,"2,072",0,0,0,0,0,0,"2,424"
73,Advertising and market research services           ,4,0,0,0,2,0,1,3,6,1,2,12,12,18,1,13,6,4,2,1,2,4,7,1,0,1,0,3,8,2,16,9,2,4,2,1,34,1,10,12,15,12,1,3,3,16,6,0,0,13,11,6,1,0,5,0,36,37,133,90,6,29,56,74,20,16,12,41,40,13,36,124,13,129,71,10,27,14,2,12,4,108,36,12,41,37,0,29,79,3,14,17,89,0,5,1,6,3,2,3,6,2,10,83,0,1,0,2,8,79,3,7,0,0,1,4,0,0,0,0,0,3,4,1,2,1,0,0,6,"2,052",0,0,0,0,0,0,0,0,0,0,0,"2,052"
74,"Other professional, scientific and technical services          ",5,0,0,0,11,1,2,12,5,0,4,2,1,9,1,5,2,1,2,0,4,7,6,10,2,8,1,1,3,5,20,26,2,7,5,2,15,2,11,15,21,13,2,13,2,2,7,1,1,10,15,4,1,1,10,1,254,97,391,78,10,71,14,17,75,38,37,121,7,68,62,892,79,412,174,43,73,0,2,52,22,556,186,237,94,672,2,61,65,9,25,72,760,0,103,6,14,13,7,16,30,5,57,44,0,53,0,8,0,332,225,148,31,4,8,34,0,0,0,7,2,12,83,4,3,5,1,1,19,"7,419",56,0,0,0,0,0,0,0,0,0,0,"7,475"
75,Veterinary services              ,0,0,0,0,0,0,0,0,0,0,0,0,0,0,0,0,0,0,0,0,0,0,0,0,0,0,0,0,0,0,0,0,0,0,0,0,0,0,0,0,0,0,0,0,0,0,0,0,0,0,0,0,0,0,0,0,0,0,0,0,0,0,0,0,0,0,0,0,0,0,0,0,0,0,0,0,0,0,0,0,0,0,0,0,0,0,0,0,0,0,0,0,0,0,0,0,0,0,0,0,0,0,0,0,0,0,0,0,0,0,0,0,0,0,0,0,0,0,0,0,0,0,0,0,0,0,0,0,0,0,0,0,0,0,0,0,0,0,0,0,0,0
77,Rental and leasing services            ,6,1,0,4,18,18,9,6,2,0,4,2,5,17,2,5,2,15,2,0,2,19,6,2,7,7,8,2,3,5,4,36,8,69,6,2,35,1,7,6,8,26,2,5,2,16,5,0,0,6,7,7,2,0,46,0,498,44,41,11,91,88,0,2,61,12,2,10,7,5,5,23,2,12,18,7,8,4,0,6,3,6,8,8,8,3,0,63,8,13,2,2,8,0,7,3,1,0,1,1,3,0,3,46,0,20,0,7,1,17,94,62,10,0,2,3,0,0,0,0,0,1,7,1,0,0,0,0,2,"1,868",7,0,0,0,0,0,0,0,0,0,0,"1,875"
78,Employment services              ,1,0,0,0,14,0,1,16,8,0,4,2,10,71,0,1,1,7,1,0,1,9,3,1,0,0,0,0,7,2,7,27,1,8,2,0,4,3,105,7,12,6,1,2,8,6,5,0,0,78,10,10,4,2,10,0,73,10,216,37,2,25,5,5,24,9,13,41,56,18,26,424,38,179,38,12,21,0,2,15,9,248,56,99,74,79,0,20,382,5,36,35,200,0,11,10,16,5,2,0,48,0,34,160,0,2,0,2,0,60,48,92,18,1,1,4,0,0,0,4,1,5,5,6,14,2,0,3,2,"3,565",2,0,0,0,0,0,0,0,0,0,0,"3,567"
79,"Travel agency, tour operator and other reservation services and related services     ",0,0,0,0,0,0,0,0,0,0,0,0,0,0,0,0,0,0,0,0,0,0,0,0,0,0,0,0,0,0,0,0,0,0,0,0,0,0,0,0,0,0,0,0,0,0,0,0,0,0,0,0,0,0,0,0,1,1,1,3,0,2,75,74,1,0,0,2,0,0,1,1,0,1,0,0,0,0,0,0,0,0,0,0,0,0,0,1,0,7,0,0,0,0,0,0,0,0,0,0,0,0,0,0,0,0,0,0,0,0,0,0,0,0,0,0,0,0,0,0,0,0,0,0,0,0,0,0,0,171,2,0,0,0,0,0,0,0,0,0,0,173
80,Security and investigation services            ,0,0,0,0,0,0,0,0,0,0,0,0,0,0,0,0,0,0,0,0,0,0,0,0,0,0,0,0,0,0,0,0,0,0,0,0,0,0,0,0,0,0,0,0,0,0,0,0,0,0,0,0,0,0,0,0,0,0,0,0,0,0,0,0,0,0,0,0,0,0,0,0,0,0,0,0,0,0,0,0,0,0,0,0,0,0,0,0,0,0,0,0,0,0,0,0,0,0,0,0,0,0,0,0,0,0,0,0,0,0,0,0,0,0,0,0,0,0,0,0,0,0,0,0,0,0,0,0,0,0,0,0,0,0,0,0,0,0,0,0,0,0
81,Services to buildings and landscape           ,0,0,0,0,0,0,0,0,0,0,0,0,0,0,0,0,0,0,0,0,0,0,0,0,0,0,0,0,0,0,0,0,0,0,0,0,0,0,0,0,0,0,0,0,0,0,0,0,0,0,0,0,0,0,0,0,0,0,0,0,0,0,0,0,0,0,0,0,0,0,0,0,0,0,0,0,0,0,0,0,0,0,0,0,0,0,0,0,0,0,0,1,0,0,0,0,0,0,0,0,0,0,0,0,0,0,0,0,0,0,0,0,0,0,0,0,0,0,0,0,0,0,0,0,0,0,0,0,0,1,3,0,0,0,0,0,0,0,0,0,0,4
82,"Office administrative, office support and other business support services       ",9,0,1,0,11,1,5,0,18,0,5,3,5,7,1,6,4,4,4,0,9,14,10,25,3,22,2,1,3,7,39,42,7,0,11,6,1,2,24,26,36,22,4,12,9,15,13,1,2,21,17,9,1,2,23,3,463,178,"1,022",354,20,257,14,36,181,79,82,279,15,153,131,"1,564",170,842,251,96,124,0,4,102,46,"1,345",290,312,147,473,4,116,82,27,75,94,"3,058",1,38,14,50,56,20,43,69,3,103,92,0,81,0,21,75,480,459,71,45,7,12,48,0,0,0,10,4,14,2,8,21,18,6,4,13,"14,901",0,0,0,0,0,0,0,0,0,0,0,"14,901"
84,Public administration and defence services; compulsory social security services       ,0,0,0,0,0,0,0,0,0,0,0,0,0,0,0,0,0,0,0,0,0,0,0,0,0,0,0,0,0,0,0,0,0,0,0,0,0,0,0,0,0,0,0,0,0,0,0,0,0,0,0,0,0,0,0,0,0,0,0,0,0,0,0,0,0,0,0,0,0,0,0,0,0,0,0,0,1,0,0,0,0,0,1,0,0,0,0,0,0,0,0,0,0,0,0,0,0,0,0,0,0,0,0,0,0,0,0,0,0,0,0,0,0,0,0,0,0,0,0,0,0,0,0,0,0,0,0,0,0,2,8,0,0,0,0,0,0,0,0,0,0,10
85,Education services              ,0,0,0,0,0,0,0,0,0,0,0,0,0,2,0,0,0,0,0,0,0,0,0,0,1,1,1,0,0,0,0,15,0,0,0,0,2,0,2,0,0,3,0,0,0,0,0,0,0,1,0,0,0,0,0,0,3,0,4,0,0,0,17,29,0,0,0,1,1,0,0,1,0,2,0,17,1,0,0,0,1,118,13,4,5,50,0,0,120,0,21,21,123,0,3,0,0,0,0,2,0,0,0,4,0,0,0,0,0,7,3,0,0,0,0,0,0,0,0,0,0,3,1,0,0,0,0,0,0,606,95,0,0,0,0,0,0,0,0,0,0,701
86,Human health services             ,0,0,0,0,0,0,0,0,0,0,0,0,0,0,0,0,0,0,0,0,0,0,0,0,0,0,0,0,0,0,0,0,0,0,0,0,0,0,0,0,0,0,0,0,0,0,0,0,0,0,0,0,0,0,0,0,0,0,0,0,0,0,0,0,0,0,0,0,0,0,0,5,0,2,7,0,1,0,0,0,0,0,0,5,0,0,0,0,0,0,0,0,0,0,0,126,0,0,0,0,0,0,0,0,0,0,0,0,0,7,0,155,0,0,0,0,0,0,0,0,0,0,0,71,0,0,0,0,0,379,"2,274",0,0,0,0,0,0,0,0,0,0,"2,653"
87-88,Residential Care  & Social Work Activities,0,0,0,0,0,0,0,0,0,0,0,0,0,0,0,0,0,0,0,0,0,0,0,0,0,0,0,0,0,0,0,0,0,0,0,0,0,0,0,0,0,0,0,0,0,0,0,0,0,0,0,0,0,0,0,0,0,0,0,0,0,0,0,0,0,0,0,0,0,0,0,0,0,0,0,0,0,0,0,0,0,0,0,0,0,0,0,0,0,0,0,0,0,0,0,0,0,0,0,0,0,0,0,0,0,0,0,0,0,0,0,0,5,0,0,0,0,0,0,0,0,0,0,0,0,0,0,0,0,5,5,0,0,0,0,0,0,0,0,0,0,10
90,"Creative, arts and entertainment services           ",0,0,0,0,0,0,0,0,0,0,0,0,0,0,0,0,0,0,0,0,0,2,14,0,0,0,0,0,0,0,0,0,0,0,4,0,0,0,0,0,0,0,0,0,0,0,1,0,0,0,0,0,0,0,0,0,3,0,1,0,0,0,0,7,0,22,34,30,119,486,11,16,6,36,0,2,1,0,0,5,3,14,0,7,112,0,0,2,25,0,0,0,52,1,7,9,164,623,39,0,100,8,0,10,0,12,0,0,16,159,46,16,26,12,38,81,0,0,0,0,0,0,6,7,41,274,5,8,35,"2,762","2,565",0,0,0,0,0,62,0,0,0,0,"5,389"
91,"Libraries, archives, museums and other cultural services         ",0,0,0,0,0,0,0,0,0,0,0,0,0,0,0,0,0,0,0,0,0,0,3,0,0,0,0,0,0,0,0,0,0,0,0,0,0,0,0,0,0,0,0,0,0,0,0,0,0,0,0,0,0,0,0,0,1,0,0,0,0,0,0,0,0,0,0,0,30,83,0,2,0,0,0,0,0,0,0,1,1,3,9,2,48,1,0,0,2,0,0,0,2,0,4,0,2,8,43,0,34,1,0,1,0,1,0,0,0,64,10,5,2,14,14,46,0,0,0,0,0,0,4,0,2,2,50,2,3,501,"1,212",0,0,0,0,-9,123,0,0,0,0,"1,827"
92,Gambling and betting services            ,0,0,0,0,0,0,0,0,0,0,0,0,0,0,0,0,0,0,0,0,0,0,0,0,0,0,0,0,0,0,0,0,0,0,0,0,0,0,0,0,0,0,0,0,0,0,0,0,0,0,0,0,0,0,0,0,24,0,0,1,0,0,0,0,0,0,120,90,0,1,0,16,79,323,0,2,7,0,0,0,0,1,0,10,57,0,0,3,1,0,0,1,0,0,0,0,0,0,0,"1,013",356,90,0,0,0,0,0,0,0,0,0,0,0,0,0,0,0,0,0,0,0,0,0,0,0,0,0,19,417,"2,631",760,0,0,0,0,0,0,0,0,0,0,"3,391"
93,Sports services and amusement and recreation services         ,0,0,0,0,24,0,6,0,0,1,0,1,0,0,0,0,0,1,0,0,0,0,1,0,0,0,0,0,0,0,0,0,0,4,0,0,0,0,1,0,0,0,0,1,1,0,1,0,0,2,0,0,0,0,2,0,5,1,2,1,0,1,0,0,1,1,0,1,5,7,4,6,0,20,23,0,14,0,0,1,1,1,2,7,4,2,0,1,6,48,1,4,2,0,0,0,2,0,1,2,3,1,0,1,0,6,0,0,92,65,32,0,8,11,12,45,0,0,0,0,0,1,0,0,0,0,0,0,6,508,438,0,0,0,0,0,0,0,0,0,0,946
94,Services furnished by membership organisations           ,0,0,0,0,0,0,0,0,0,0,0,0,0,0,0,0,0,0,0,0,0,0,0,0,0,0,0,0,0,0,0,0,0,0,0,0,0,0,0,0,0,0,0,0,0,0,0,0,0,0,0,0,0,0,0,0,0,0,0,0,0,0,0,0,0,0,0,0,0,0,0,0,0,0,0,0,0,0,0,0,0,0,0,0,0,0,0,0,0,0,0,0,0,0,0,0,0,0,0,0,0,0,0,0,0,0,0,0,0,0,0,0,0,0,0,0,0,0,0,0,0,0,0,0,0,0,0,0,0,0,0,0,0,0,0,0,0,0,0,0,0,0
95,Repair services of computers and personal and household goods       ,0,0,0,0,1,0,0,0,0,0,0,0,0,0,0,0,0,0,0,0,0,0,1,0,0,0,0,0,0,1,0,0,0,0,0,0,0,0,0,0,0,2,0,0,0,0,0,0,0,0,0,0,0,0,2,0,1,0,37,11,0,7,1,7,5,2,1,3,4,4,0,61,5,30,5,9,1,3,0,1,2,11,6,6,3,3,0,2,12,0,1,2,8,1,15,2,2,0,0,1,1,0,22,12,0,4,0,0,0,388,16,111,20,0,2,8,0,0,0,0,0,0,14,1,1,0,0,0,0,883,2,0,0,0,0,0,0,0,0,0,0,885
96,Other personal services             ,0,0,0,0,0,0,0,0,0,0,0,0,0,0,0,0,0,0,0,0,0,0,0,0,0,0,0,0,0,0,0,0,0,0,0,0,0,0,0,0,0,0,0,0,0,0,0,0,0,0,0,0,0,0,0,0,0,0,0,1,0,0,14,13,0,1,0,1,0,0,0,0,0,3,0,0,0,0,0,0,0,0,0,0,0,0,0,1,0,0,0,0,0,0,0,0,1,0,0,0,0,0,0,1,0,0,0,0,0,3,0,3,0,0,0,0,0,0,0,0,0,0,0,0,0,0,0,0,0,43,130,0,0,0,0,0,0,0,0,0,0,173
97,Services of households as employers of domestic personnel        ,0,0,0,0,0,0,0,0,0,0,0,0,0,0,0,0,0,0,0,0,0,0,0,0,0,0,0,0,0,0,0,0,0,0,0,0,0,0,0,0,0,0,0,0,0,0,0,0,0,0,0,0,0,0,0,0,0,0,0,0,0,0,0,0,0,0,0,0,0,0,0,0,0,0,0,0,0,0,0,0,0,0,0,0,0,0,0,0,0,0,0,0,0,0,0,0,0,0,0,0,0,0,0,0,0,0,0,0,0,0,0,0,0,0,0,0,0,0,0,0,0,0,0,0,0,0,0,0,0,0,34,0,0,0,0,0,0,0,0,0,0,34
,Total,"2,899",57,228,99,"1,046",526,273,"1,377",793,433,754,780,810,"1,908","1,142",934,231,"1,689",720,262,"1,664","4,022","1,630","11,450",899,"4,601",554,840,985,"1,778","4,900","6,169","1,464","1,144","2,664","4,251","5,665",801,"5,052","3,201","7,286","16,420",594,"4,921",441,991,"1,455",115,512,"2,752","7,249","5,272",225,344,666,13,"14,522","5,642","12,258","6,925",405,"3,845","1,899","3,820","1,950","1,736","2,990","8,527",844,"1,875","8,730","7,487",751,"12,947","6,666","1,665","2,291","2,506",204,821,579,"3,708","2,446","4,068","1,796","2,056",104,"1,530","2,188",551,491,"1,071","5,890",113,776,458,"3,068",909,304,"1,405",881,155,591,"1,512",0,"1,065",7,205,355,"11,091","2,320","13,534",688,55,129,441,0,1,1,48,147,139,573,299,"1,382",380,103,50,835,"311,753","147,904",0,"4,859",0,"46,163",-226,-902,"11,869","19,749","2,301","3,124","546,594"
